country,stateCode,latitude,longitude,springName,type,tempF,access,fee
USA,AK,51.9250,-177.160,FUMAROLES ON KANAGA ISLAND,,219,,
USA,AK,51.8100,-177.790,HOT SPRING ON TANAGA ISLAND,,,,
USA,AK,51.9700,-176.610,HOT SPRINGS ON ADAK ISLAND,,154,,
USA,AK,52.0420,-176.108,HOT SPRINGS ON GREAT SITKIN ISLAND,,210,,
USA,AK,58.9200,-153.980,HOT SPRING WEST OF CAPE DOUGLAS,,,,
USA,AK,52.1900,-174.250,HOT SPRINGS ON ATKA ISLAND,,167,,
USA,AK,52.3400,-174.260,HOT SPRINGS ON ATKA ISLAND,,H,,
USA,AK,52.2700,-174.042,HOT SPRINGS ON ATKA ISLAND,,H,,
USA,AK,52.8700,173.130,HOT SPRING ON ATTU ISLAND,,W,,
USA,AK,66.2170,-149.547,DALL HOT SPRINGS,,129,,
USA,AK,65.2170,-162.900,HOT SPRINGS NEAR LAVA CREEK,,127,,
USA,AK,65.0930,-164.922,PILGRIM SPRINGS,,178,,
USA,AK,65.8580,-164.710,SERPENTINE HOT SPRINGS,,171,,
USA,AK,60.8370,-142.420,HOT SPRING ON TWELVEMILE CREEK,,,,
USA,AK,66.3420,-150.850,KANUTI HOT SPRINGS,,151,,
USA,AK,56.6800,-131.882,BARNES LAKE HOT SPRINGS,,79,,
USA,AK,56.2330,-131.267,BRADFIELD CANAL HOT SPRINGS,,135,,
USA,AK,65.3670,-161.250,GRANITE MOUNTAIN HOT SPRINGS,,120,,
USA,AK,65.0470,-142.848,HOT SPRING ON FLAT CREEK,,,,
USA,AK,56.9280,-158.120,SURPRISE LAKE HOT SPRING,,73,,
USA,AK,65.0530,-146.057,CHENA HOT SPRINGS,,153,,
USA,AK,65.4830,-144.637,CIRCLE HOT SPRINGS,,135,,
USA,AK,65.2330,-144.483,HOT SPRINGS ON BIG WINDY CREEK,,H,,
USA,AK,55.3340,-162.137,HOT SPRING AT WEST END EMMONS LAKE,,68,,
USA,AK,55.2170,-162.483,HOT SPRINGS EAST OF COLD BAY,,129,,
USA,AK,55.3340,-133.641,DALTON (CRAIG) HOT SPRINGS,,109,,
USA,AK,54.9000,-162.885,HOT SPRING ON AMAGAT ISLAND,,H,,
USA,AK,54.9440,-163.251,HOT SPRINGS NEAR MORZHOVOI,,145,,
USA,AK,51.7750,-178.793,FUMAROLES ON GARELOI ISLAND,,H,,
USA,AK,51.7620,-178.770,FUMAROLES ON GARELOI ISLAND,,144,,
USA,AK,62.0580,-145.222,MINERAL SPRING (LOWER KLAWASI CONE),,82,,
USA,AK,62.0810,-145.007,UPPER KLAWASI WARM SPRINGS,,86,,
USA,AK,66.1970,-154.006,TUNALKTEN LAKE HOT SPRING,,null,,
USA,AK,62.4500,-157.933,HOT SPRING NEAR FLAT,,W,,
USA,AK,55.9830,-131.661,BAILEY HOT SPRING,,198,,
USA,AK,55.9330,-131.559,BELL ISLAND HOT SPRINGS,,165,,
USA,AK,65.2160,-149.993,HUTLINANA HOT SPRINGS,,109,,
USA,AK,65.2740,-148.847,TOLOVANA HOT SPRINGS,,140,,
USA,AK,65.9080,-154.993,DENIKTOW RIDGE HOT SPRINGS,,H,,
USA,AK,65.2670,-155.280,HOT SPRINGS NEAR DULBI RIVER,,126,,
USA,AK,65.4590,-153.312,LITTLE MELOZITNA HOT SPRINGS,,176,,
USA,AK,65.1290,-154.692,MELOZI (MELOZITNA) SPRINGS,,131,,
USA,AK,65.9700,-154.033,POCAHONTAS HOT SPRINGS,,H,,
USA,AK,58.3700,-137.090,HOT SPRINGS NEAR ICY POINT,,153,,
USA,AK,58.0330,-136.017,HOT SPRINGS NORTH END TENAKEE INLET,,180,,
USA,AK,58.2400,-155.090,HOT SPRING NEAR KATMAI PASS,,H,,
USA,AK,58.2700,-154.890,HOT SPRINGS NEAR MT KATMAI,,H,,
USA,AK,63.8830,-150.717,HOT SPRINGS EAST OF DIAMOND,,W,,
USA,AK,63.6830,-151.233,HOT SPRINGS NEAR GLACIER,,W,,
USA,AK,69.3300,-144.044,OKPILAK SPRINGS,,119,,
USA,AK,69.6270,-146.027,RED HILL SPRING,,91,,
USA,AK,64.0020,-156.300,HOT SPRING ON TRIBUTARY OF INNOKO R,,H,,
USA,AK,56.7170,-132.005,CHIEF SHAKES HOT SPRINGS,,122,,
USA,AK,56.5800,-132.180,SOUTH STIKINE SPRING,,W,,
USA,AK,56.6670,-132.280,TWIN LAKES HOT SPRINGS,,70,,
USA,AK,56.8360,-135.374,GODDARD HOT SPRINGS,,153,,
USA,AK,55.3680,-161.961,FUMAROLE,,H,,
USA,AK,55.8630,-160.493,HOT SPRING NEAR PORT MOLLER,,160,,
USA,AK,51.9440,178.547,FUMAROLES ON LITTLE SITKIN ISLAND,,,,
USA,AK,51.9630,178.491,FUMAROLES ON LITTLE SITKIN ISLAND,,,,
USA,AK,51.9670,178.444,FUMAROLES ON LITTLE SITKIN ISLAND,,,,
USA,AK,51.9400,178.500,HOT SPRING ON LITTLE SITKIN ISLAND,,,,
USA,AK,64.9240,-154.837,HORNER HOT SPRINGS,,117,,
USA,AK,61.0580,-160.692,HOT SPRING NEAR TULUKSAK RIVER,,H,,
USA,AK,61.2000,-159.863,HOT SPRINGS NEAR OPHIR CREEK,,145,,
USA,AK,52.8400,-169.900,CHUGINADAK HOT SPRINGS,,H,,
USA,AK,52.9600,-169.710,HOT SPRING ON KAGAMIL ISLAND,,H,,
USA,AK,52.3580,-172.317,HOT SPRING ON SEGUAM ISLAND,,H,,
USA,AK,66.3670,-156.767,HOT SPRINGS NEAR DIVISION BM,,140,,
USA,AK,66.1500,-157.117,HOT SPRINGS NEAR SOUTH BM,,122,,
USA,AK,66.2330,-157.583,HOT SPRINGS ON HAWK RIVER,,122,,
USA,AK,66.3830,-157.517,WARM SPRING NEAR PURCELL MOUNTAIN,,68,,
USA,AK,57.0850,-134.839,BARANOF WARM SPRINGS,,124,,
USA,AK,57.3480,-135.385,HOT SPRING NEAR FISH BAY,,117,,
USA,AK,57.7710,-135.820,HOT SPRING NORTH ARM PERIL STRAIT,,100,,
USA,AK,57.6440,-135.333,NYLEN HOT SPRINGS,,120,,
USA,AK,57.7810,-135.217,TENAKEE HOT SPRINGS,,109,,
USA,AK,57.8070,-136.341,WHITE SULPHUR SPRINGS (HOONIAH H S),,111,,
USA,AK,61.3630,-157.733,HOT SPRINGS ON UPPER CHUILNUK RIVER,,H,,
USA,AK,64.8500,-162.300,CLEAR CREEK HOT SPRINGS,,149,,
USA,AK,64.7000,-162.467,HOT SPRING NEAR KWINIUK RIVER,,106,,
USA,AK,67.4030,-153.883,HOT SPRING NEAR ARRIGETCH PEAKS,,W,,
USA,AK,67.2830,-155.067,REED RIVER HOT SPRING,,122,,
USA,AK,65.4500,-150.000,HOT SPRING NEAR LITTLE MINOOK CR,,,,
USA,AK,65.9830,-150.560,HOT SPRINGS ON LOWER RAY RIVER,,142,,
USA,AK,65.8100,-151.237,KILO HOT SPRING,,122,,
USA,AK,65.0060,-150.633,MANLEY HOT SPRINGS,,133,,
USA,AK,65.9630,-150.919,RAY RIVER HOT SPRING,,117,,
USA,AK,61.2670,-151.238,HOT LAKE IN BOTTOM OF CRATER PEAK,,H,,
USA,AK,57.8650,-156.499,GAS ROCKS HOT SPRING,,127,,
USA,AK,57.1780,-157.015,HOT SPRING NEAR MOTHER GOOSE LAKE,,138,,
USA,AK,57.8310,-156.513,W UKINEK SPRING,,178,,
USA,AK,53.2330,-168.300,HOT SPRING ON UMNAK ISLAND,,149,,
USA,AK,53.2130,-168.463,HOT SPRINGS NEAR GEYSER BIGHT,,216,,
USA,AK,53.2070,-168.445,HOT SPRINGS NEAR GEYSER BIGHT,,H,,
USA,AK,53.2230,-168.477,HOT SPRINGS NEAR GEYSER BIGHT,,214,,
USA,AK,53.2420,-168.365,HOT SPRINGS NEAR HOT SPRINGS COVE,,192,,
USA,AK,53.2530,-168.358,HOT SPRINGS NEAR HOT SPRINGS COVE,,158,,
USA,AK,53.9500,-168.037,HOT SPRINGS ON BOGOSLOF ISLAND,,H,,
USA,AK,53.4430,-168.092,THERMAL SPRINGS IN OKMOK CALDERA,,212,,
USA,AK,53.8480,-166.873,HOT SPRINGS NEAR MAKUSHIN VOLCANO,,94,,
USA,AK,53.8510,-166.918,HOT SPRINGS NEAR MAKUSHIN VOLCANO,,H,,
USA,AK,53.8770,-166.448,HOT SPRINGS NEAR SUMMER BAY,,H,,
USA,AK,53.8920,-166.930,MAKUSHIN VOLCANO FUMAROLES,,310,,
USA,AK,54.6600,-164.550,HOT SPRING ON UNIMAK ISLAND,,H,,
USA,AK,54.1570,-165.850,HOT SPRINGS NEAR HOT SPRINGS BAY,,181,,
USA,AK,54.1800,-165.410,HOT SPRINGS ON AKUN ISLAND,,H,,
USA,AK,54.2300,-165.660,HOT SPRINGS ON AKUN ISLAND,,H,,
USA,AR,34.5420,-93.0240,BIG CHALYBEATE SPRING,,79,,
USA,AR,34.3840,-93.6070,CADDO GAP SPRINGS,,95,,
USA,AR,34.5130,-93.0530,HOT SPRINGS,,147,,
USA,AR,34.4060,-93.9080,SPRING ON LITTLE MISSOURI RIVER,,74,,
USA,AR,34.3210,-93.7390,SPRING ON REDLAND MOUNTAIN,,77,,
USA,AR,36.4800,-91.0530,WARM SPRINGS,,82,,
USA,AZ,32.9840,-113.324,AGUA CALIENTE SPRINGS,,102,,
USA,AZ,33.0550,-109.295,CLIFTON HOT SPRINGS,,102,,
USA,AZ,33.0460,-109.440,EAGLE CREEK HOT SPRINGS,,97,,
USA,AZ,33.0080,-109.778,GRAPEVINE SPRING,,91,,
USA,AZ,33.4000,-109.152,HANNAH HOT SPRING,,133,,
USA,AZ,33.0800,-109.303,HOT SPRING,,138,,
USA,AZ,33.0750,-109.298,SEEP,,95,,
USA,AZ,33.0680,-109.975,WARM SPRING,,90,,
USA,AZ,33.0620,-109.482,WARM SPRING,,73,,
USA,AZ,31.6730,-109.902,ANTELOPE SPRING,,79,,
USA,AZ,31.3620,-109.265,ASTIN SPRING,,75,,
USA,AZ,31.5920,-109.510,LEWIS SPRING,,68,,
USA,AZ,32.7410,-114.068,RADIUM HOT SPRINGS,,140,,
USA,AZ,36.1960,-113.081,LAVA WARM SPRINGS,,90,,
USA,AZ,36.4180,-113.956,PAKOON SPRINGS,,86,,
USA,AZ,36.8950,-113.913,SPRINGS,,79,,
USA,AZ,34.6490,-111.744,SODA SPRING,,75,,
USA,AZ,34.4050,-111.602,SPRING,,72,,
USA,AZ,34.0760,-111.708,SPRING (HOT),,99,,
USA,AZ,34.3200,-111.453,TONTO NATURAL BRIDGE SPRING,,72,,
USA,AZ,34.3570,-111.710,VERDE HOT SPRINGS,,104,,
USA,AZ,35.9840,-114.742,HOT SPRING,,H,,
USA,AZ,35.9600,-114.725,HOT SPRING,,86,,
USA,AZ,31.9430,-113.013,QUITOBAQUITO SPRINGS,,90,,
USA,AZ,36.5090,-111.852,COLORADO POOL,,86,,
USA,AZ,33.5100,-110.403,CASSADORE SPRING,,73,,
USA,AZ,33.1700,-110.528,COOLIDGE DAM WARM SPRING,,99,,
USA,AZ,33.1520,-110.639,MESCAL WARM SPRING,,84,,
USA,AZ,33.2090,-110.818,PIONEER SPRING,,91,,
USA,AZ,33.6690,-111.165,ROOSEVELT DAM SPRINGS,,118,,
USA,AZ,33.8310,-110.574,SALT BANKS,,78,,
USA,AZ,33.2530,-110.703,SPRING,,75,,
USA,AZ,33.1630,-110.662,SPRING,,82,,
USA,AZ,33.7800,-110.317,WARM SPRING,,W,,
USA,AZ,33.4380,-110.213,WARM SPRINGS,,86,,
USA,AZ,33.1980,-110.668,null,,99,,
USA,AZ,33.7480,-110.235,null,,83,,
USA,AZ,34.9250,-114.221,CALICHE SPRING,,79,,
USA,AZ,34.8960,-114.308,OATMAN WARM SPRINGS,,91,,
USA,AZ,31.6950,-110.963,AGUA CALIENTE SPRING,,90,,
USA,AZ,31.6370,-110.703,MONKEY SPRING,,82,,
USA,AZ,33.9880,-112.362,CASTLE HOT SPRINGS,,115,,
USA,AZ,33.9150,-112.332,MITCHELL SPRING,,79,,
USA,AZ,34.6950,-113.572,COFER HOT SPRING,,97,,
USA,AZ,34.5630,-113.497,KAISER HOT SPRING,,99,,
USA,AZ,34.4450,-112.693,SPRING,,72,,
USA,AZ,34.9100,-113.608,TOM BROWN WARM SPRING,,82,,
USA,AZ,34.4360,-109.402,SALADO SPRINGS,,72,,
USA,AZ,32.9710,-109.350,GILLARD HOT SPRINGS,,180,,
USA,AZ,32.9980,-109.901,INDIAN HOT SPRINGS,,118,,
USA,AZ,32.2810,-110.730,AGUA CALIENTE,,86,,
USA,AZ,32.3360,-110.240,HOOKERS HOT SPRINGS,,127,,
USA,AZ,32.3370,-110.708,MERCER SPRING,,77,,
USA,AZ,32.3270,-110.228,N-O SPRING,,73,,
USA,AZ,32.9830,-110.373,WARM SPRING,,79,,
USA,AZ,32.3450,-110.247,WARM SPRINGS,,91,,
USA,AZ,35.2130,-113.425,CASA GRANDE SPRING,,72,,
USA,AZ,35.1690,-113.851,FROST MINE SPRING,,70,,
USA,AZ,35.0770,-113.267,TROUT CREEK SPRING,,81,,
USA,AZ,35.1100,-113.810,null,,73,,
USA,CA,41.1670,-120.032,BARE RANCH SPRING,,90,,
USA,CA,41.1430,-121.110,BASSETT HOT SPRINGS,,174,,
USA,CA,41.0250,-121.924,BIG BEND HOT SPRINGS,,180,,
USA,CA,41.4920,-120.700,ESSEX SPRINGS,,91,,
USA,CA,41.8600,-120.158,FORT BIDWELL HOT SPRING,,113,,
USA,CA,41.6070,-121.523,HOT SPOT,,191,,
USA,CA,41.0120,-121.274,HOT SPRINGS,,H,,
USA,CA,41.2660,-120.080,HOT SPRINGS (MENLO BATHS),,135,,
USA,CA,41.5340,-120.078,HOT SPRINGS (SURPRISE VALLEY),,208,,
USA,CA,41.0360,-121.926,HUNT HOT SPRING,,136,,
USA,CA,41.1260,-121.028,KELLOG HOT SPRINGS,,172,,
USA,CA,41.4500,-120.834,KELLY HOT SPRING,,198,,
USA,CA,41.6700,-120.206,LAKE CITY HOT SPRINGS,,207,,
USA,CA,41.6000,-120.088,LEONARDS HOT SPRINGS,,144,,
USA,CA,41.2290,-121.405,LITTLE HOT SPRING,,169,,
USA,CA,41.8280,-120.917,POTHOLE SPRING,,78,,
USA,CA,41.6150,-120.102,SEYFERTH HOT SPRINGS,,185,,
USA,CA,41.4840,-120.764,SPRING,,81,,
USA,CA,41.1960,-120.475,SPRINGS,,W,,
USA,CA,41.2190,-120.066,SQUAW BATHS,,106,,
USA,CA,41.1600,-120.403,WARM SPRING,,70,,
USA,CA,41.2520,-120.521,WARM SPRING,,75,,
USA,CA,41.9590,-120.936,WARM SPRING,,W,,
USA,CA,41.1900,-120.383,WEST VALLEY RESERVOIR HOT SPRING,,171,,
USA,CA,41.5420,-120.567,null,,81,,
USA,CA,41.4660,-120.525,null,,72,,
USA,CA,41.3600,-120.723,null,,81,,
USA,CA,41.2080,-120.054,null,,109,,
USA,CA,35.8810,-118.670,CALIFORNIA HOT SPRINGS,,122,,
USA,CA,35.4390,-119.846,CARNEROS SPRING,,90,,
USA,CA,35.5580,-118.612,DELONEGHA HOT SPRINGS,,112,,
USA,CA,35.5280,-118.665,DEMOCRAT HOT SPRINGS,,115,,
USA,CA,35.7270,-118.408,HOT SPRING,,113,,
USA,CA,35.5750,-118.534,"MIRACLE HOT SPRS, HOBO HOT SPRS",,119,,
USA,CA,35.4830,-119.917,MIZE SPRING,,73,,
USA,CA,35.6200,-118.473,SCOVERN HOT SPRINGS,,133,,
USA,CA,35.5360,-118.651,SPRING (HOT),,W,,
USA,CA,35.1480,-118.783,WARM SPRING,,W,,
USA,CA,35.4330,-118.478,YATES HOT SPRINGS,,100,,
USA,CA,35.3630,-119.727,null,,93,,
USA,CA,39.2260,-120.010,BROCKWAY HOT SPRINGS,,131,,
USA,CA,39.5730,-120.348,CAMPBELL HOT SPRINGS,,111,,
USA,CA,39.7280,-120.547,MCLEAR WARM SPRINGS,,86,,
USA,CA,39.9220,-120.024,ZAMBONI HOT SPRINGS,,H,,
USA,CA,39.9800,-120.064,null,,108,,
USA,CA,36.0450,-117.769,COSO HOT SPRINGS,,207,,
USA,CA,36.0360,-117.802,DEVILS KITCHEN,,207,,
USA,CA,36.3300,-117.948,DIRTY SOCKS HOT SPRING,,93,,
USA,CA,36.0310,-117.833,FUMAROLE,,203,,
USA,CA,36.6750,-116.923,KEANE WONDER SPRING,,93,,
USA,CA,36.6980,-117.848,LITTLE HUNTER CANYON SPRINGS,,81,,
USA,CA,36.8060,-117.771,LOWER WARM SPRINGS,,110,,
USA,CA,36.5120,-116.821,NEVARES SPRINGS,,102,,
USA,CA,36.8140,-117.763,PALM SPRING,,120,,
USA,CA,36.4950,-117.893,SPRINGS,,86,,
USA,CA,36.4410,-116.829,TRAVERTINE SPRINGS,,90,,
USA,CA,36.8300,-117.736,UPPER WARM SPRING,,W,,
USA,CA,36.1220,-117.217,WARM SULPHUR SPRINGS,,80,,
USA,CA,36.2290,-118.302,JORDAN HOT SPRINGS,,124,,
USA,CA,36.4770,-118.404,KERN HOT SPRING,,109,,
USA,CA,36.1300,-118.816,SODA SPRING,,72,,
USA,CA,36.2100,-118.176,SODA SPRINGS,,100,,
USA,CA,36.1170,-118.776,WARD SPRING,,70,,
USA,CA,37.0290,-117.383,GRAPEVINE SPRINGS,,100,,
USA,CA,33.7310,-118.348,WHITES POINT HOT SPRINGS,,115,,
USA,CA,33.8020,-118.393,null,,77,,
USA,CA,34.5380,-119.560,AGUA CALIENTE SPRING,,133,,
USA,CA,34.4230,-119.538,BORON SPRING,,72,,
USA,CA,34.1590,-118.499,EL ENCINO SPRINGS,,79,,
USA,CA,34.5370,-119.613,LITTLE CALIENTE SPRING,,90,,
USA,CA,34.4820,-119.302,MATILIJA HOT SPRINGS,,109,,
USA,CA,34.4610,-119.637,MONTECITO HOT SPRINGS,,118,,
USA,CA,34.5370,-119.879,SAN MARCOS HOT SPRING,,110,,
USA,CA,34.5960,-118.998,SESPE HOT SPRINGS,,194,,
USA,CA,43.5130,-119.903,SPRINGS AT TECOLOTE TUNNEL,,93,,
USA,CA,34.4980,-119.341,STINGLEYS HOT SPRINGS,,123,,
USA,CA,34.5020,-119.346,VICKERS HOT SPRINGS,,124,,
USA,CA,34.6050,-118.561,WARM SPRING,,92,,
USA,CA,34.5070,-119.291,WHEELER SPRINGS,,102,,
USA,CA,34.5820,-119.044,WILLETT HOT SPRINGS,,108,,
USA,CA,37.8020,-118.532,BENTON HOT SPRINGS,,134,,
USA,CA,37.8880,-118.487,BERTRAND RANCH SPRINGS,,70,,
USA,CA,37.2340,-118.881,BLANEY MEADOWS HOT SPRINGS,,109,,
USA,CA,37.6470,-118.859,CASA DIABLO HOT POOL,,165,,
USA,CA,37.6480,-118.914,CASA DIABLO HOT SPRINGS AND GEYSER,,199,,
USA,CA,37.6380,-118.887,CHANCE SPRING,,73,,
USA,CA,37.6770,-118.790,DEHY HOT SPRING,,134,,
USA,CA,37.5320,-119.025,FISH CREEK HOT SPRINGS,,110,,
USA,CA,37.6220,-119.028,FUMAROLES,,H,,
USA,CA,37.6650,-118.828,HOT CREEK GORGE SPRINGS,,199,,
USA,CA,37.6560,-118.834,HOT CREEK SPRINGS,,171,,
USA,CA,37.7080,-118.813,HOT SPRING,,68,,
USA,CA,37.6480,-118.806,HOT SPRINGS,,129,,
USA,CA,37.2530,-118.373,KEOUGH HOT SPRINGS,,124,,
USA,CA,37.6920,-118.839,LITTLE HOT CREEK SPRING,,180,,
USA,CA,37.3270,-119.018,MONO HOT SPRINGS,,109,,
USA,CA,37.9930,-119.028,PAOHA ISLAND SPRINGS,,181,,
USA,CA,37.6180,-119.074,REDS MEADOW HOT SPRINGS,,115,,
USA,CA,37.7190,-118.735,SPRINGS,,75,,
USA,CA,37.6350,-118.720,SPRINGS,,72,,
USA,CA,37.6640,-118.802,THE TUB,,167,,
USA,CA,37.6300,-118.808,WHITMORE HOT SPRINGS,,95,,
USA,CA,37.4130,-119.139,null,,95,,
USA,CA,37.6670,-118.781,null,,127,,
USA,CA,37.6570,-118.764,null,,120,,
USA,CA,37.6530,-118.925,null,,72,,
USA,CA,37.6390,-118.756,null,,86,,
USA,CA,37.6070,-118.808,null,,73,,
USA,CA,37.2680,-118.272,null,,84,,
USA,CA,37.9890,-119.139,null,,72,,
USA,CA,37.9410,-119.036,null,,91,,
USA,CA,37.8360,-119.016,null,,97,,
USA,CA,40.2230,-122.747,STINKING SPRINGS,,101,,
USA,CA,40.2380,-122.110,TUSCAN SPRINGS,,86,,
USA,CA,38.8500,-120.025,MYERS WARM SPRING,,75,,
USA,CA,38.1920,-120.827,VALLEY SPRINGS,,75,,
USA,CA,33.5450,-115.654,CANYON SPRING,,97,,
USA,CA,33.6250,-115.325,CORN SPRING,,72,,
USA,CA,33.5120,-115.827,DOS PALMAS SPRING,,84,,
USA,CA,33.7330,-114.907,MCCOY SPRING,,82,,
USA,CA,33.2010,-115.577,MUD POTS,,100,,
USA,CA,33.2120,-115.591,MUD POTS,,100,,
USA,CA,33.3320,-115.575,MUD VOLCANOES,,W,,
USA,CA,33.3280,-115.583,MUD VOLCANOES,,W,,
USA,CA,33.3120,-115.577,MUD VOLCANOES,,W,,
USA,CA,33.2880,-115.575,MUD VOLCANOES,,W,,
USA,CA,33.2800,-115.592,MUD VOLCANOES,,W,,
USA,CA,33.3430,-115.573,MUD VOLCANOES,,W,,
USA,CA,33.3450,-115.588,MUD VOLCANOES,,W,,
USA,CA,33.3130,-115.605,MUD VOLCANOES,,W,,
USA,CA,33.2170,-115.580,WISTER MUD POT,,100,,
USA,CA,34.1850,-117.262,"ARROWHEAD SPRINGS, WATERMAN HOT SPR",,194,,
USA,CA,34.8260,-116.677,NEWBERRY SPRING,,77,,
USA,CA,34.2710,-116.838,PAN HOT SPRINGS,,88,,
USA,CA,34.2280,-117.483,TYLERS BATH SPRING,,92,,
USA,CA,34.3400,-117.173,"WARM SPRING, HOT SPRING",,108,,
USA,CA,34.1240,-117.078,null,,90,,
USA,CA,32.9470,-116.305,AGUA CALIENTE SPRINGS,,101,,
USA,CA,32.6170,-116.189,JACUMBA HOT SPRINGS,,101,,
USA,CA,32.9700,-116.423,VALLECITOS SPRING,,79,,
USA,CA,37.8800,-122.627,ROCKY POINT SPRINGS,,90,,
USA,CA,37.9240,-122.046,SULPHUR SPRING,,75,,
USA,CA,37.5030,-121.904,ALAMEDA WARM SPRINGS,,80,,
USA,CA,37.8470,-121.635,BYRON HOT SPRINGS,,96,,
USA,CA,37.6320,-121.762,CROHARE SPRING,,70,,
USA,CA,37.1080,-121.478,GILROY HOT SPRINGS,,106,,
USA,CA,37.5730,-121.445,LONE TREE MINERAL SPRING,,73,,
USA,CA,37.3980,-121.794,MINERAL SPRINGS,,84,,
USA,CA,37.4320,-121.308,SALT GRASS SPRINGS,,73,,
USA,CA,37.0830,-121.042,SPRING IN ONEILL FOREBAY,,70,,
USA,CA,37.9290,-121.965,SPRINGS,,W,,
USA,CA,37.8950,-121.874,null,,70,,
USA,CA,35.4000,-120.250,CAMETA WARM SPRING,,73,,
USA,CA,35.1220,-120.542,NEWSOM SPRINGS,,99,,
USA,CA,35.6630,-120.692,PASO ROBLES ARTESIAN SPRING,,102,,
USA,CA,35.2690,-120.851,PECHO WARM SPRINGS,,95,,
USA,CA,35.5820,-120.666,SANTA YSABEL SPRINGS (SULPHUR SPR),,92,,
USA,CA,35.9080,-120.367,TABLE MOUNTAIN (SPRING),,88,,
USA,CA,35.6490,-120.687,null,,108,,
USA,CA,33.3630,-117.017,AGUA TIBIA SPRING,,92,,
USA,CA,33.4360,-117.324,DE LUZ WARM SPRINGS,,85,,
USA,CA,33.8960,-117.057,EDEN HOT SPRINGS,,109,,
USA,CA,33.6640,-117.913,FAIRVIEW HOT SPRING,,96,,
USA,CA,33.4070,-116.035,FISH SPRINGS,,90,,
USA,CA,33.8350,-116.988,GILMAN HOT SPRINGS,,117,,
USA,CA,33.7530,-117.495,GLEN IVY HOT SPRINGS,,131,,
USA,CA,33.9690,-116.942,HIGHLAND SPRINGS,,112,,
USA,CA,33.8370,-117.145,LAKEVIEW HOT SPRINGS,,100,,
USA,CA,33.5580,-117.154,MURRIETTA HOT SPRINGS,,132,,
USA,CA,33.8230,-116.542,PALM SPRINGS (AGUA CALIENTE SPRING),,104,,
USA,CA,33.5890,-117.511,SAN JUAN HOT SPRINGS,,120,,
USA,CA,33.8000,-116.927,SOBODA HOT SPRINGS,,102,,
USA,CA,33.5140,-117.604,SPRING,,95,,
USA,CA,33.5510,-117.167,TEMECULA HOT SPRINGS,,116,,
USA,CA,33.2840,-116.631,WARNER HOT SPRING,,138,,
USA,CA,33.6700,-117.325,"WRENDEN HOT SPRS, ELSINORE HOT SPRS",,125,,
USA,CA,33.5400,-116.742,null,,W,,
USA,CA,33.8650,-117.103,null,,W,,
USA,CA,36.1440,-120.555,COALINGA MINERAL SPRINGS,,112,,
USA,CA,36.0840,-121.584,DOLANS HOT SPRING,,98,,
USA,CA,36.7730,-120.898,IRIDAT SPRING,,73,,
USA,CA,36.7030,-120.860,MERCEY HOT SPRINGS,,119,,
USA,CA,36.3310,-121.367,PARAISO SPRINGS (SULPHUR SPRING),,98,,
USA,CA,36.9380,-121.565,SARGENT ESTATE WARM SPRING,,77,,
USA,CA,36.1230,-121.640,SLATES HOT SPRINGS,,122,,
USA,CA,36.7650,-120.901,SPRING,,81,,
USA,CA,36.6180,-121.845,SULPHUR HOT SPRING,,100,,
USA,CA,36.2950,-120.985,SULPHUR SPRINGS,,73,,
USA,CA,36.2340,-121.546,TASSAJARA HOT SPRINGS,,144,,
USA,CA,36.6400,-120.684,null,,75,,
USA,CA,36.3310,-121.843,null,,114,,
USA,CA,36.2500,-121.683,null,,W,,
USA,CA,34.5030,-120.219,LAS CRUCES HOT SPRINGS,,99,,
USA,CA,38.6540,-122.484,AETNA SPRINGS,,91,,
USA,CA,38.7730,-122.705,ANDERSON SPRINGS,,108,,
USA,CA,38.8500,-122.667,BAD CREEK SPRING,,81,,
USA,CA,38.8920,-122.533,BAKER SODA SPRING,,76,,
USA,CA,38.5800,-122.575,CALISTOGA HOT SPRINGS,,172,,
USA,CA,38.9160,-122.799,CARLSBAD SPRING,,76,,
USA,CA,38.7680,-122.717,CASTLE ROCK SPRINGS,,163,,
USA,CA,38.9950,-122.642,DAVIS SODA SPRING,,73,,
USA,CA,38.8970,-122.882,ENGLAND SPRINGS,,76,,
USA,CA,38.9790,-122.659,FUMAROLE,,H,,
USA,CA,38.8350,-122.731,GORDON WARM SPRINGS,,97,,
USA,CA,38.7850,-122.655,HARBIN SPRINGS,,120,,
USA,CA,38.9360,-122.907,HIGHLAND SPRINGS,,84,,
USA,CA,38.9250,-122.770,HILDEBRANDE SPRING,,77,,
USA,CA,38.8000,-123.170,HOODS HOT SPRINGS,,100,,
USA,CA,38.9940,-122.742,HORSESHOE SPRING,,108,,
USA,CA,38.8580,-122.671,HOWARD SPRINGS,,113,,
USA,CA,38.7670,-122.748,LITTLE GEYSERS,,210,,
USA,CA,38.3940,-122.552,LOS GUILICOS WARM SPRINGS,,88,,
USA,CA,38.5500,-122.720,MARK WEST SPRINGS,,88,,
USA,CA,38.5190,-122.260,"NAPA ROCK SODA SPRING, PHILLIPS SOD",,78,,
USA,CA,38.3390,-122.259,NAPA VICHY SPRINGS,,76,,
USA,CA,38.8330,-122.357,ONE SHOT MINING CO,,72,,
USA,CA,38.8500,-122.693,PINE CONE SPRING,,78,,
USA,CA,38.8740,-123.518,POINT ARENA HOT SPRINGS,,111,,
USA,CA,38.9580,-122.701,RIVIERA BEACH SPRING,,93,,
USA,CA,38.8730,-122.689,SEIGLER SPRINGS,,126,,
USA,CA,38.6910,-123.024,SKAGGS SPRINGS,,135,,
USA,CA,38.9500,-122.572,SODA SPRING IN CACHE FORMATION,,72,,
USA,CA,38.8380,-122.653,SPIERS SPRINGS,,79,,
USA,CA,38.4900,-122.498,ST HELENA WHITE SULPHUR SPRING,,97,,
USA,CA,38.7880,-122.777,SULPHUR CREEK,,120,,
USA,CA,38.8020,-122.810,THE GEYSERS,,214,,
USA,CA,38.3100,-122.053,TOLENAS SPRINGS,,68,,
USA,CA,38.1250,-122.188,VALLEJO WHITE SULPHUR SPRINGS,,68,,
USA,CA,38.7550,-122.285,ZIM ZIM SPRING,,70,,
USA,CA,38.9860,-122.736,null,,95,,
USA,CA,38.9630,-122.724,null,,W,,
USA,CA,38.9500,-122.654,null,,W,,
USA,CA,38.7770,-122.763,null,,120,,
USA,CA,38.3890,-122.567,null,,73,,
USA,CA,38.3570,-122.509,null,,70,,
USA,CA,38.3210,-122.271,null,,83,,
USA,CA,38.1010,-122.169,null,,73,,
USA,CA,40.3020,-120.195,AMEDEE HOT SPRINGS,,203,,
USA,CA,40.4340,-121.399,BOILING SPRINGS LAKE,,190,,
USA,CA,40.4550,-121.501,BUMPASS HELL,,199,,
USA,CA,40.4400,-121.434,DEVILS KITCHEN,,203,,
USA,CA,40.4440,-121.409,DRAKESBAD,,151,,
USA,CA,40.3930,-121.507,GROWLER HOT SPRING,,203,,
USA,CA,40.2450,-120.007,HIGH ROCK SPRING,,86,,
USA,CA,40.3640,-120.243,HOT SPRING,,204,,
USA,CA,40.4400,-121.420,HOT SPRINGS VALLEY,,83,,
USA,CA,40.1420,-120.935,INDIAN VALLEY HOT SPRINGS,,106,,
USA,CA,40.4570,-121.545,MILL CREEK SPRINGS,,150,,
USA,CA,40.3820,-121.513,MORGAN HOT SPRING,,205,,
USA,CA,40.5680,-120.325,SELLICKS SPRINGS,,72,,
USA,CA,40.0190,-121.036,SPRING,,99,,
USA,CA,40.4470,-121.536,"SULPHUR WORKS, TOPHET HOT SPRINGS",,199,,
USA,CA,40.4210,-121.375,TERMINAL GEYSER,,205,,
USA,CA,40.5800,-120.265,TIPTON SPRINGS,,70,,
USA,CA,40.3550,-120.257,WENDEL HOT SPRINGS,,205,,
USA,CA,35.8420,-117.380,BAINTER SPRING,,92,,
USA,CA,35.9460,-116.189,CHAPPO SPRING,,80,,
USA,CA,35.1430,-116.813,PARADISE SPRING,,100,,
USA,CA,35.8790,-116.153,RESTING SPRING,,80,,
USA,CA,35.6820,-116.422,SARATOGA SPRING,,82,,
USA,CA,35.5880,-116.359,SHEEP CREEK SPRING,,73,,
USA,CA,35.9780,-116.273,SHOSHONE SPRING,,90,,
USA,CA,35.1410,-116.101,SODA STATION SPRINGS,,75,,
USA,CA,35.8880,-116.258,SPRINGS,,W,,
USA,CA,35.8710,-116.230,TECOPA HOT SPRINGS,,118,,
USA,CA,35.9670,-116.931,WARM SPRING,,W,,
USA,CA,35.9400,-117.903,null,,80,,
USA,CA,39.0220,-122.444,ABBOTT MINE,,86,,
USA,CA,39.1830,-122.700,BARTLETT SPRINGS,,144,,
USA,CA,39.0060,-122.787,BIG SODA SPRING,,90,,
USA,CA,39.0320,-122.432,"BLANK SPRING, MANZANITA MINE SPRS",,112,,
USA,CA,39.2920,-122.821,CRABTREE HOT SPRINGS,,106,,
USA,CA,39.0570,-122.475,ELGIN MINE,,156,,
USA,CA,39.3480,-122.668,FOUTS SPRINGS,,79,,
USA,CA,39.0020,-122.498,GRIZZLY SPRING,,68,,
USA,CA,39.6570,-123.585,JACKSON VALLEY MUD SPRINGS,,80,,
USA,CA,39.0330,-122.445,JONES FOUNTAIN OF LIFE SPRING,,142,,
USA,CA,39.4290,-123.308,MUIR SPRINGS,,68,,
USA,CA,39.1960,-122.714,NEWMAN SPRINGS,,94,,
USA,CA,39.2270,-123.362,ORRS SPRINGS,,104,,
USA,CA,39.6970,-123.478,PINCHES SPRING,,70,,
USA,CA,39.1980,-122.505,PSEUDO COMPLEXION SPRING,,81,,
USA,CA,39.0530,-122.597,QUIGLEY SODA SPRING,,82,,
USA,CA,39.0020,-122.664,SULPHUR BANK,,156,,
USA,CA,39.0880,-122.525,SULPHUR SPRING,,68,,
USA,CA,39.4300,-122.538,"SULPHUR SPRING, SALT SPRING",,75,,
USA,CA,39.1660,-123.159,VICHY SPRINGS,,85,,
USA,CA,39.0390,-122.421,WILBUR SPRINGS,,153,,
USA,CA,39.2000,-122.725,null,,90,,
USA,CA,39.0220,-122.592,null,,81,,
USA,CA,38.2370,-119.326,BUCKEYE HOT SPRING,,140,,
USA,CA,38.3480,-119.400,FALES HOT SPRINGS,,180,,
USA,CA,38.6990,-119.846,GROVERS HOT SPRINGS,,147,,
USA,CA,38.0480,-119.081,HOT SPRING,,151,,
USA,CA,38.0330,-118.902,MONO BASIN WARM SPRINGS,,88,,
USA,CA,38.2250,-119.217,THE HOT SPRINGS,,113,,
USA,CA,38.2450,-119.205,TRAVERTINE HOT SPRINGS,,180,,
USA,CA,38.2030,-119.118,WARM SPRING,,77,,
USA,CA,38.7730,-119.713,null,,149,,
USA,CA,38.6270,-119.504,null,,W,,
USA,CA,41.9190,-122.369,BOGUS SODA SPRINGS,,76,,
USA,CA,41.4070,-122.197,"HOT SPRING, FUMAROLES",,183,,
USA,CA,41.9730,-122.202,KLAMATH HOT SPRING,,156,,
USA,CA,41.6590,-123.319,SULPHUR SPRINGS,,84,,
USA,CO,37.7710,-108.091,DUNTON HOT SPRING,,108,,
USA,CO,37.7470,-108.117,GEYSER WARM SPRING,,82,,
USA,CO,37.7520,-108.131,PARADISE WARM SPRING,,115,,
USA,CO,40.0730,-106.113,HOT SULPHUR SPRINGS,,111,,
USA,CO,40.4670,-107.952,JUNIPER HOT SPRINGS,,100,,
USA,CO,40.5590,-106.849,ROUTT HOT SPRINGS,,147,,
USA,CO,40.4830,-106.827,STEAMBOAT SPRINGS,,102,,
USA,CO,39.9320,-105.277,ELDORADO SPRINGS,,79,,
USA,CO,39.0170,-105.793,HARTSEL HOT SPRINGS,,126,,
USA,CO,39.7390,-105.512,IDAHO SPRINGS,,115,,
USA,CO,37.7410,-107.034,ANTELOPE SPRING,,90,,
USA,CO,37.7280,-107.054,BIRDSIE WARM SPRING,,86,,
USA,CO,37.2630,-107.011,PAGOSA SPRINGS,,136,,
USA,CO,37.3130,-107.344,PIEDRA RIVER HOT SPRINGS,,108,,
USA,CO,37.4530,-107.803,PINKERTON HOT SPRINGS,,90,,
USA,CO,37.5110,-106.945,RAINBOW HOT SPRINGS,,104,,
USA,CO,37.7510,-106.317,SHAW SPRINGS,,86,,
USA,CO,37.0330,-106.805,STINKING SPRINGS,,81,,
USA,CO,37.3910,-107.846,"TRIMBLE HOT SPR, STRATTEN WARM SPR",,97,,
USA,CO,37.4000,-107.849,TRIPP HOT SPRINGS,,111,,
USA,CO,37.7470,-106.831,WAGON WHEEL GAP HOT SPRINGS,,135,,
USA,CO,39.0120,-106.891,CONUNDRUM HOT SPRINGS,,100,,
USA,CO,39.6280,-107.106,DOTSERO WARM SPRINGS,,90,,
USA,CO,39.5480,-107.322,GLENWOOD SPRINGS,,124,,
USA,CO,39.2270,-107.224,PENNY HOT SPRINGS,,133,,
USA,CO,39.1640,-106.062,RHODES WARM SPRING,,75,,
USA,CO,39.5520,-107.412,SOUTH CANYON HOT SPRINGS,,118,,
USA,CO,38.0140,-108.054,LEMON HOT SPRING,,91,,
USA,CO,38.6530,-106.056,BROWNS CANYON WARM SPRING,,77,,
USA,CO,38.6340,-106.072,BROWNS GROTTO WARM SPRING,,73,,
USA,CO,38.2720,-107.100,CEBOLLA HOT SPRINGS,,106,,
USA,CO,38.8360,-106.825,CEMENT CREEK HOT SPRING,,77,,
USA,CO,38.8120,-106.226,COTTONWOOD HOT SPRINGS,,136,,
USA,CO,38.7320,-106.178,HORTENSE HOT SPRING,,181,,
USA,CO,38.5170,-106.515,LOWER WAUNITA HOT SPRINGS,,167,,
USA,CO,38.7330,-106.162,MOUNT PRINCETON HOT SPRINGS,,133,,
USA,CO,38.1330,-107.736,ORVIS HOT SPRING,,126,,
USA,CO,38.0210,-107.672,OURAY HOT SPRINGS,,156,,
USA,CO,38.4980,-106.076,PONCHA HOT SPRINGS,,160,,
USA,CO,38.8160,-106.873,RANGER HOT SPRING,,81,,
USA,CO,38.5140,-106.508,UPPER WAUNITA HOT SPRINGS,,176,,
USA,CO,38.4330,-105.261,CANON CITY HOT SPRINGS,,104,,
USA,CO,38.1680,-105.924,MINERAL HOT SPRINGS,,140,,
USA,CO,38.4790,-105.891,SWISSVALE WARM SPRINGS,,82,,
USA,CO,38.1920,-105.816,VALLEY VIEW HOT SPRINGS,,99,,
USA,CO,38.4850,-105.910,WELLSVILLE WARM SPRING,,91,,
USA,CO,37.2940,-105.784,DEXTER SPRING,,68,,
USA,FL,27.0740,-82.2330,LITTLE SALT SPRING,,81,,
USA,FL,27.0600,-82.2610,WARM MINERAL SPRINGS (BIG SALT SPR),,86,,
USA,GA,33.0370,-84.3740,LIFSEY SPRING,,79,,
USA,GA,33.0180,-84.3270,TAYLOR SPRING,,75,,
USA,GA,32.9200,-84.4380,BARKER SPRING,,73,,
USA,GA,32.8620,-84.6500,PARKMAN SPRING,,77,,
USA,GA,32.9640,-84.4990,THUNDERING SPRING,,75,,
USA,GA,32.8730,-84.5470,TOM BROWN SPRING,,68,,
USA,GA,32.8930,-84.6900,WARM SPRINGS,,88,,
USA,HI,19.5930,-154.928,AKINS SPRING,,84,,
USA,HI,19.4600,-154.847,ISAAC HALE PARK SPRING,,97,,
USA,HI,19.4660,-154.943,STEAM VENTS,,H,,
USA,HI,19.4340,-155.272,STEAM VENTS,,H,,
USA,HI,19.3730,-155.188,STEAM VENTS,,H,,
USA,HI,19.4860,-155.598,STEAM VENTS,,H,,
USA,HI,19.4210,-155.620,STEAM VENTS,,H,,
USA,HI,19.4070,-155.277,STEAM VENTS,,H,,
USA,HI,19.3900,-155.311,STEAM VENTS,,H,,
USA,HI,19.2010,-155.384,WAIWELAWELA POINT SPRING,,90,,
USA,HI,19.4960,-154.876,WARM VAPOR,,W,,
USA,ID,44.0910,-111.458,ASHTON WARM SPRING,,79,,
USA,ID,44.6400,-116.045,ARLING HOT SPRING,,90,,
USA,ID,44.4650,-116.037,BELVIDERE HOT SPRING,,111,,
USA,ID,44.4160,-116.031,CABARTON HOT SPRING,,160,,
USA,ID,44.5830,-116.112,CASCADE RESERVOIR HOT SPRING,,H,,
USA,ID,44.6690,-116.305,COUNCIL MTN HOT SPRINGS,,154,,
USA,ID,44.2110,-116.710,COVE CREEK HOT SPRING,,131,,
USA,ID,44.3060,-116.745,CRANE CREEK HOT SPRINGS,,198,,
USA,ID,44.0920,-116.052,DEER HOT SPRINGS,,176,,
USA,ID,44.5310,-116.754,FAIRCHILD HOT SPRING,,126,,
USA,ID,44.4950,-116.732,KEITHLY WARM SPRING,,86,,
USA,ID,44.9710,-116.203,KRIGBAUM HOT SPRINGS,,109,,
USA,ID,44.5860,-116.630,LAKEY HOT SPRING,,158,,
USA,ID,44.3540,-117.071,OLD HOMESTEAD WARM SPRING,,W,,
USA,ID,44.8530,-116.442,STARKEY HOT SPRINGS,,131,,
USA,ID,44.3060,-117.042,WEISER WARM SPRINGS,,72,,
USA,ID,44.6790,-116.231,WHITE LICKS HOT SPRING,,140,,
USA,ID,43.4140,-116.707,GIVENS HOT SPRINGS,,117,,
USA,ID,43.8310,-116.396,HIGHLAND LAND CO WARM SPRING,,73,,
USA,ID,43.9510,-116.353,ROYSTONE HOT SPRINGS,,151,,
USA,ID,43.9720,-116.325,SWEET WARM SPRING,,68,,
USA,ID,43.6770,-116.208,TERTELING HOT SPRINGS,,106,,
USA,ID,43.1610,-116.332,THOMAS FLATS WARM SPRING,,75,,
USA,ID,44.6210,-115.985,BADLEY WARM SPRING,,100,,
USA,ID,44.2640,-114.818,BASIN CREEK HOT SPRING,,133,,
USA,ID,44.4450,-115.239,BEAR VALLEY HOT SPRING,,W,,
USA,ID,44.5230,-114.173,BEARDSLEY HOT SPRINGS,,109,,
USA,ID,44.7700,-115.663,BILLY HOT SPRING,,H,,
USA,ID,44.3640,-115.856,BOILING SPRINGS,,185,,
USA,ID,44.1570,-115.314,BONNEVILLE HOT SPRINGS,,185,,
USA,ID,44.4300,-115.762,BULL CREEK HOT SPRINGS,,H,,
USA,ID,44.3980,-115.149,CAPE HORN WARM SPRINGS,,95,,
USA,ID,44.0450,-115.842,CORDER HOT SPRING,,131,,
USA,ID,44.7850,-114.855,COX HOT SPRINGS,,131,,
USA,ID,44.7200,-114.016,CRONKS CANYON HOT SPRING,,115,,
USA,ID,44.5160,-115.295,DAGGER CREEK HOT SPRING,,110,,
USA,ID,44.0510,-115.829,DAN HODGES HOT SPRING,,140,,
USA,ID,44.0600,-115.819,DANSKIN CREEK HOT SPRING,,106,,
USA,ID,44.3820,-115.841,DASH CREEK HOT SPRINGS,,138,,
USA,ID,44.7170,-115.703,DOLLAR CREEK WARM SPRING,,68,,
USA,ID,44.0440,-115.851,DONLAY RANCH HOT SPRING,,131,,
USA,ID,44.2450,-114.885,ELKHORN HOT SPRING,,136,,
USA,ID,44.8960,-114.563,FORGE CREEK HOT SPRINGS,,H,,
USA,ID,44.6610,-114.652,FOSTER RANCH HOT SPRINGS,,135,,
USA,ID,44.4000,-115.820,GOAT HOT SPRINGS,,H,,
USA,ID,44.6760,-115.943,GOLD FORK HOT SPRING,,127,,
USA,ID,44.1600,-115.167,GRANDJEAN HOT SPRING,,H,,
USA,ID,44.3920,-115.834,GROUND HOG HOT SPRINGS,,100,,
USA,ID,44.0770,-115.553,HAVEN LODGE HOT SPRING,,147,,
USA,ID,44.8470,-115.696,HOLDOVER HOT SPRING,,117,,
USA,ID,44.8360,-114.790,HOSPITAL HOT SPRING,,115,,
USA,ID,44.9000,-115.505,HOT CREEK WARM SPRING,,97,,
USA,ID,44.0540,-115.907,HOT SPRING CAMPGROUND,,124,,
USA,ID,44.7990,-115.129,INDIAN CREEK HOT SPRING,,190,,
USA,ID,44.0720,-115.543,KIRKHAM HOT SPRINGS,,149,,
USA,ID,44.8310,-115.215,KWISKWIS HOT SPRING,,156,,
USA,ID,44.3820,-114.088,LITTLE ANTELOPE FLAT WARM SPRING,,93,,
USA,ID,44.7990,-114.806,LOWER LOON CREEK HOT SPRING,,120,,
USA,ID,44.8130,-115.123,MIDDLE FORK INDIAN CREEK HOT SPRING,,162,,
USA,ID,44.6420,-115.693,MOLLYS HOT SPRING,,138,,
USA,ID,44.2600,-114.838,MORMON BEND HOT SPRING,,100,,
USA,ID,44.9510,-114.704,MORMON RANCH WARM SPRING,,H,,
USA,ID,44.6520,-114.734,OWEN CABIN HOT SPRING,,133,,
USA,ID,44.0620,-115.685,PINE FLAT HOT SPRINGS,,138,,
USA,ID,44.7210,-115.207,PISTOL CREEK HOT SPRINGS,,115,,
USA,ID,44.2470,-114.676,ROBINSON BAR HOT SPRINGS,,131,,
USA,ID,44.2530,-115.891,ROCKY CANYON HOT SPRINGS,,120,,
USA,ID,44.1010,-114.865,ROSALYS WARM SPRING,,106,,
USA,ID,44.1600,-115.177,SACAJAWEA HOT SPRINGS,,153,,
USA,ID,44.6280,-115.197,SHEEPEATER HOT SPRINGS,,H,,
USA,ID,44.6280,-114.601,SHOWER BATH SPRINGS,,122,,
USA,ID,44.3300,-115.802,SILVER CREEK HOT SPRING,,102,,
USA,ID,44.1710,-114.624,SLATE CREEK HOT SPRING,,122,,
USA,ID,44.6320,-115.697,SOUTH FORK PLUNGE,,129,,
USA,ID,44.2240,-114.929,STANLEY HOT SPRING,,106,,
USA,ID,44.2540,-114.443,SULLIVAN HOT SPRINGS,,106,,
USA,ID,44.5540,-115.301,SULPHUR CREEK HOT SPRING,,H,,
USA,ID,44.5850,-115.072,SULPHUR CREEK HOT SPRING,,H,,
USA,ID,44.2680,-114.748,SUNBEAM HOT SPRINGS,,169,,
USA,ID,44.7330,-115.018,SUNFLOWER FLAT HOT SPRING,,109,,
USA,ID,44.7300,-114.993,SUNFLOWER HOT SPRINGS,,149,,
USA,ID,44.9140,-115.722,TEAPOT HOT SPRING,,142,,
USA,ID,44.7210,-115.010,THOMAS CREEK RANCH HOT SPRING,,138,,
USA,ID,44.6260,-115.749,TRAIL CREEK HOT SPRING,,122,,
USA,ID,44.6450,-114.739,UPPER LOON CREEK HOT SPRINGS,,145,,
USA,ID,44.5680,-115.695,VULCAN HOT SPRINGS,,190,,
USA,ID,44.6390,-115.671,WARM LAKE SPRINGS,,W,,
USA,ID,44.1540,-115.993,WARM SPRINGS CREEK HOT SPRINGS,,167,,
USA,ID,45.0950,-113.836,SALMON HOT SPRING,,113,,
USA,ID,45.0130,-113.605,SHARKEY HOT SPRING,,126,,
USA,ID,43.2270,-111.109,ALPINE WARM SPRING,,99,,
USA,ID,43.2100,-111.495,BROCKMAN CREEK HOT SPRING,,95,,
USA,ID,43.6600,-111.715,ELKHORN WARM SPRING,,72,,
USA,ID,43.4230,-111.414,FALL CREEK MINERAL SPRINGS,,77,,
USA,ID,43.6440,-111.687,HEISE HOT SPRINGS,,120,,
USA,ID,43.7910,-111.435,PINCOCK (GREEN CANYON) HOT SPRINGS,,111,,
USA,ID,43.6070,-111.189,TAYLOR SPRINGS,,68,,
USA,ID,43.0210,-111.695,WILSON LAKE WARM SPRING,,86,,
USA,ID,44.2690,-113.449,BARNEY HOT SPRINGS,,82,,
USA,ID,44.6400,-113.504,BIG EIGHTMILE CREEK WARM SPRING,,91,,
USA,ID,44.4540,-112.696,BIG SPRING,,73,,
USA,ID,44.9050,-113.929,GOLDBUG HOT SPRING,,113,,
USA,ID,44.1450,-112.554,LIDY HOT SPRINGS,,124,,
USA,ID,44.2570,-112.639,WARM SPRINGS,,84,,
USA,ID,44.6120,-113.363,WHITTAKER WARM SPRINGS,,75,,
USA,ID,45.5120,-115.046,BARTH HOT SPRINGS,,140,,
USA,ID,45.3070,-114.338,BIG CREEK HOT SPRINGS,,199,,
USA,ID,45.2770,-115.912,BURGDORF HOT SPRINGS,,113,,
USA,ID,45.5030,-114.463,HORSE CREEK HOT SPRINGS,,109,,
USA,ID,45.0700,-115.826,LICK CREEK WARM SPRING,,91,,
USA,ID,45.3440,-114.463,OWL CREEK HOT SPRINGS,,122,,
USA,ID,45.7880,-115.198,RED RIVER HOT SPRINGS,,131,,
USA,ID,45.8520,-114.937,RUNNING WARM SPRINGS,,106,,
USA,ID,45.1700,-115.807,SECESH HOT SPRING,,H,,
USA,ID,45.0350,-115.561,SHEEP CREEK HOT SPRING,,136,,
USA,ID,45.0420,-114.616,SNOWSHOE JOHNSONS HOT SPRING,,108,,
USA,ID,45.2010,-116.312,BOULDER CREEK SPRING,,82,,
USA,ID,45.4310,-116.015,COW FLATS HOT SPRING,,138,,
USA,ID,45.4160,-116.172,RIGGINS HOT SPRINGS,,106,,
USA,ID,45.1520,-116.296,STINKY WARM SPRING,,88,,
USA,ID,45.0390,-116.291,ZIMS RESORT HOT SPRINGS,,144,,
USA,ID,43.8110,-115.116,ATLANTA HOT SPRINGS,,140,,
USA,ID,43.2930,-114.908,BARRONS HOT SPRING,,167,,
USA,ID,43.7180,-115.563,BASSET HOT SPRING,,H,,
USA,ID,43.6030,-115.070,BAUMGARTNER HOT SPRING,,111,,
USA,ID,43.7010,-114.738,BIG SMOKEY HOT SPRING,,H,,
USA,ID,43.5400,-115.288,BRIDGE HOT SPRINGS,,138,,
USA,ID,43.7790,-115.486,BROWN CREEK HOT SPRING,,122,,
USA,ID,43.5610,-114.415,CLARENDON HOT SPRINGS,,126,,
USA,ID,43.1290,-115.340,COYOTE HOT SPRING,,135,,
USA,ID,43.7890,-115.434,DUTCH FRANK HOT SPRING,,149,,
USA,ID,43.7790,-114.539,EASLEY HOT SPRINGS,,100,,
USA,ID,43.4230,-114.627,ELK CREEK HOT SPRING,,126,,
USA,ID,43.8030,-115.401,GRANITE CREEK HOT SPRING,,131,,
USA,ID,43.6840,-114.410,GUYER HOT SPRINGS,,158,,
USA,ID,43.5060,-114.354,HAILEY HOT SPRINGS,,131,,
USA,ID,43.1550,-115.518,HOT SPRINGS,,158,,
USA,ID,43.0470,-114.929,HOT SULPHUR LAKE,,81,,
USA,ID,43.1160,-115.305,LATTY HOT SPRING,,144,,
USA,ID,43.8170,-115.046,LEGGIT CREEK HOT SPRING,,H,,
USA,ID,43.6050,-114.948,LIGHTFOOT HOT SPRINGS,,133,,
USA,ID,43.7240,-115.604,LOFTUS HOT SPRING,,129,,
USA,ID,43.9740,-114.499,LOWER BOWERY HOT SPRING,,129,,
USA,ID,43.3280,-114.399,MAGIC HOT SPRINGS,,163,,
USA,ID,43.5880,-115.988,MORES CREEK HOT SPRING,,H,,
USA,ID,43.2550,-114.829,MORMON RESERVOIR WARM SPRING,,W,,
USA,ID,43.7550,-115.571,NINEMEYER HOT SPRINGS,,169,,
USA,ID,43.5530,-115.267,PARADISE HOT SPRINGS,,126,,
USA,ID,43.9900,-114.800,PIERSON HOT SPRINGS,,109,,
USA,ID,43.7600,-115.560,POOL CREEK HOT SPRING,,108,,
USA,ID,43.5760,-114.830,PREIS HOT SPRING,,106,,
USA,ID,43.8310,-115.192,QUEENS RIVER HOT SPRING,,H,,
USA,ID,43.6050,-115.664,RATTLESNAKE HOT SPRING,,133,,
USA,ID,43.8050,-114.585,RUSSIAN JOHN HOT SPRING,,100,,
USA,ID,43.6960,-115.658,SHEEP CREEK BRIDGE HOT SPRING,,142,,
USA,ID,43.6470,-114.816,SKILLERN HOT SPRINGS,,140,,
USA,ID,43.7200,-115.617,SMITH CABIN HOT SPRING,,138,,
USA,ID,43.7880,-115.444,STRAIGHT CREEK HOT SPRING,,144,,
USA,ID,43.5000,-115.308,TOWNE CREEK WARM SPRING,,75,,
USA,ID,43.0380,-114.988,TSCHANNE HOT SPRING,,109,,
USA,ID,43.6710,-115.696,TWIN SPRINGS,,151,,
USA,ID,43.7380,-115.583,VAUGHN HOT SPRING,,154,,
USA,ID,43.3830,-114.931,WARDROP HOT SPRING,,147,,
USA,ID,43.6410,-114.487,WARFIELD HOT SPRING,,124,,
USA,ID,43.8160,-115.863,WARM SPRINGS,,108,,
USA,ID,43.8230,-115.327,WEATHERBY HOT SPRING,,113,,
USA,ID,43.9820,-114.486,WEST PASS HOT SPRING,,124,,
USA,ID,43.0490,-114.952,WHITE ARROW HOT SPRING,,145,,
USA,ID,43.6370,-115.130,WILLOW CREEK HOT SPRING,,131,,
USA,ID,43.3350,-115.044,WOLF HOT SPRING,,113,,
USA,ID,43.5630,-114.798,WORSWICK HOT SPRINGS,,180,,
USA,ID,46.4660,-114.939,COLGATE WARM SPRINGS,,106,,
USA,ID,46.4630,-114.872,JERRY JOHNSON HOT SPRINGS,,118,,
USA,ID,46.0060,-115.021,MARTEN HOT SPRINGS,,H,,
USA,ID,46.2350,-114.707,PROSPECTOR HOT SPRINGS,,H,,
USA,ID,46.3160,-115.258,STANLEY HOT SPRINGS,,120,,
USA,ID,46.1380,-115.090,STUART HOT SPRINGS,,H,,
USA,ID,46.4640,-115.035,WEIR CREEK HOT SPRINGS,,117,,
USA,ID,43.0380,-112.004,ALKALI FLATS WARM SPRING,,93,,
USA,ID,43.3270,-113.918,CONDIE HOT SPRINGS,,124,,
USA,ID,43.3630,-113.779,MILFORD SWEAT HOT SPRING,,111,,
USA,ID,43.3670,-113.884,RUSH WARM SPRING,,72,,
USA,ID,43.1140,-112.167,YANDELL SPRINGS,,90,,
USA,ID,42.8650,-116.368,LOWER BIRCH SPRING,,77,,
USA,ID,42.1070,-113.390,BLM WELL (FRAZIER HOT SPRING),,203,,
USA,ID,42.3880,-112.085,DOWNATA HOT SPRINGS,,109,,
USA,ID,42.1020,-113.632,DURFEE SPRING,,102,,
USA,ID,42.0850,-113.564,GRAPE CREEK WARM SPRING,,72,,
USA,ID,42.7250,-112.872,INDIAN SPRINGS,,90,,
USA,ID,42.3390,-112.436,KENT WARM SPRING,,75,,
USA,ID,42.6250,-113.107,LAKE WALCOTT HOT SPRING,,70,,
USA,ID,42.6210,-112.008,LAVA HOT SPRINGS,,113,,
USA,ID,42.1730,-112.239,MALAD WARM SPRING,,77,,
USA,ID,42.4470,-113.523,MARSH CREEK HOT SPRING,,104,,
USA,ID,42.4490,-113.511,MARSH GULLY HOT SPRINGS,,106,,
USA,ID,42.1730,-113.861,OAKLEY HOT SPRING,,118,,
USA,ID,42.1560,-112.348,PLEASANTVIEW WARM SPRINGS,,77,,
USA,ID,42.0250,-112.226,PRICES WARM SPRING,,77,,
USA,ID,42.2860,-113.446,"RICE SPRING, WARD SPRING",,72,,
USA,ID,42.5450,-112.906,ROCKLAND WARM SPRINGS,,100,,
USA,ID,42.2400,-113.588,SEARS SPRING,,84,,
USA,ID,42.9570,-112.458,TADPOLE WARM SPRING,,68,,
USA,ID,42.0560,-112.246,WOODRUFF HOT SPRING,,81,,
USA,ID,42.1330,-111.928,BATTLE CREEK HOT SPRINGS,,183,,
USA,ID,42.1150,-111.264,BEAR LAKE HOT SPRINGS,,118,,
USA,ID,42.9280,-111.592,BLACKFOOT RESERVOIR WARM SPRING,,72,,
USA,ID,42.9860,-111.743,BLACKFOOT RIVER WARM SPRING,,79,,
USA,ID,42.3330,-111.716,CLEVELAND HOT SPRINGS,,151,,
USA,ID,42.9110,-111.556,HENRY WARM SPRING,,86,,
USA,ID,42.3080,-111.707,MAPLE GROVE HOT SPRINGS,,172,,
USA,ID,42.3740,-111.726,MOUND VALLEY WARM SPRING,,W,,
USA,ID,42.4260,-111.378,PESCADERO WARM SPRING,,79,,
USA,ID,42.7810,-111.983,PORTNEUF RIVER WARM SPRING,,93,,
USA,ID,42.6570,-111.604,SODA SPRINGS,,82,,
USA,ID,42.1190,-111.928,SQUAW HOT SPRINGS,,163,,
USA,ID,42.6550,-111.643,STEAMBOAT HOT SPRING,,88,,
USA,ID,42.3370,-111.726,TREASURETON HOT SPRINGS,,95,,
USA,ID,42.4050,-114.142,ARTESIAN CITY HOT SPRINGS,,99,,
USA,ID,42.6880,-114.826,BANBURY HOT SPRING,,138,,
USA,ID,42.7970,-115.723,"BAT HOT SPRING, PENCE HOT SPRING",,117,,
USA,ID,42.7980,-115.742,BRUNEAU HOT SPRING,,106,,
USA,ID,42.7790,-115.715,BUCKAROO HOT SPRING,,109,,
USA,ID,42.6920,-114.859,HOT SULPHUR (MIRACLE HOT) SPRINGS,,131,,
USA,ID,42.7620,-115.739,INDIAN BATHTUB HOT SPRINGS,,99,,
USA,ID,42.3330,-115.650,INDIAN HOT SPRINGS,,160,,
USA,ID,42.7670,-115.725,LOWER INDIAN BATHTUB HOT SPRINGS,,108,,
USA,ID,42.0130,-114.504,MAGIC HOT SPRINGS,,109,,
USA,ID,42.0320,-115.363,MURPHY HOT SPRINGS,,126,,
USA,ID,42.3370,-114.509,NAT-SOO-PAH WARM SPRING,,97,,
USA,ID,42.6370,-114.892,POISON SPRINGS,,H,,
USA,ID,42.7040,-114.856,SALMON FALLS HOT SPRING,,153,,
USA,ID,42.0150,-114.237,THOROUGHBRED WARM SPRINGS,,69,,
USA,MA,42.7350,-73.2000,SAND SPRING,,75,,
USA,MT,44.7040,-111.892,ANDERSONS PASTURE SPRINGS,,82,,
USA,MT,44.7690,-111.649,SLOAN COW CAMP SPRING,,86,,
USA,MT,44.7010,-111.878,STAUDENMEYER SPRINGS,,82,,
USA,MT,44.7850,-111.649,WEST FORK SWIMMING HOLE,,79,,
USA,MT,44.9840,-111.613,WOLF CREEK HOT SPRINGS,,154,,
USA,MT,45.5530,-110.142,ANDERSON SPRINGS,,77,,
USA,MT,45.0320,-110.667,BEAR CREEK SPRINGS,,72,,
USA,MT,45.6600,-111.186,BOZEMAN HOT SPRINGS,,131,,
USA,MT,45.7080,-110.976,BRIDGER CANYON WARM SPRING,,70,,
USA,MT,45.6080,-110.571,CARTER BRIDGE WARM SPRINGS,,82,,
USA,MT,45.3370,-110.691,CHICO HOT SPRINGS,,113,,
USA,MT,45.3670,-111.726,ENNIS HOT SPRINGS,,181,,
USA,MT,45.7570,-110.256,HUNTERS HOT SPRINGS,,140,,
USA,MT,45.0900,-110.774,LADUKE (CORWIN) HOT SPRING,,154,,
USA,MT,45.5750,-111.683,NORRIS HOT SPRINGS,,127,,
USA,MT,45.5900,-111.899,POTOSI HOT SPRINGS,,122,,
USA,MT,45.6020,-111.900,POTOSI WARM SPRINGS,,124,,
USA,MT,45.0370,-111.953,VIGILANTE SPRING,,75,,
USA,MT,46.1060,-112.903,ANACONDA HOT SPRINGS,,72,,
USA,MT,46.6100,-112.555,AVON WARM SPRING,,79,,
USA,MT,46.7170,-113.320,BEARMOUTH WARM SPRING 1,,68,,
USA,MT,46.7180,-113.306,BEARMOUTH WARM SPRING 2,,68,,
USA,MT,46.1980,-112.094,BOULDER HOT SPRINGS,,169,,
USA,MT,46.5960,-112.108,BROADWATER (HELENA) HOT SPRINGS,,151,,
USA,MT,46.3340,-112.886,DEERLODGE PRISON RANCH SPRINGS,,79,,
USA,MT,46.6070,-112.776,GARRISON WARM SPRINGS,,77,,
USA,MT,46.0440,-112.811,GREGSON HOT SPRINGS,,158,,
USA,MT,46.7040,-113.452,NIMROD SPRINGS,,70,,
USA,MT,46.1780,-112.794,WARM SPRINGS (STATE HOSPITAL),,172,,
USA,MT,47.6320,-112.855,MEDICINE (SUN RIVER) SPRINGS,,86,,
USA,MT,45.4200,-112.692,APEX WARM SPRING,,77,,
USA,MT,45.3920,-112.452,BEAVERHEAD ROCK SPRING,,81,,
USA,MT,45.1050,-112.751,BROWNS SPRINGS,,75,,
USA,MT,45.4580,-113.109,ELKHORN HOT SPRINGS,,118,,
USA,MT,45.7500,-113.938,GALLOGLY SPRING,,100,,
USA,MT,45.3680,-113.403,JARDINE HOT SPRING,,140,,
USA,MT,45.1110,-112.714,LOVELLS HOT SPRING,,72,,
USA,MT,45.0270,-112.844,MCMENOMEY RANCH SPRING,,68,,
USA,MT,45.4620,-112.475,NEW BILTMORE HOT SPRINGS,,127,,
USA,MT,45.8960,-112.233,PIPESTONE HOT SPRINGS,,135,,
USA,MT,45.1710,-112.153,PULLER HOT SPRINGS,,111,,
USA,MT,45.7920,-112.126,RENOVA HOT SPRINGS,,122,,
USA,MT,45.6850,-112.295,SILVER STAR HOT SPRINGS,,163,,
USA,MT,45.2350,-112.135,TRUDAU WARM SPRINGS,,73,,
USA,MT,45.6980,-114.382,BLUE JOINT HOT SPRING 1,,84,,
USA,MT,45.6970,-114.365,BLUE JOINT HOT SPRINGS 2,,84,,
USA,MT,45.8410,-114.038,MEDICINE HOT SPRINGS,,117,,
USA,MT,46.7280,-114.533,"LOLO HOT SPRINGS, GRANITE SPRINGS",,111,,
USA,MT,46.1060,-114.004,SLEEPING CHILD HOT SPRINGS,,122,,
USA,MT,47.2170,-109.471,BROOKS WARM SPRING,,68,,
USA,MT,47.8760,-108.656,LANDUSKY SPRINGS,,70,,
USA,MT,47.9710,-108.395,LITTLE WARM SPRINGS,,73,,
USA,MT,47.9940,-108.445,LODGEPOLE (BIG WARM) SPRINGS,,79,,
USA,MT,47.8430,-108.598,THE (LANDUSKY) PLUNGE,,77,,
USA,MT,46.7950,-108.883,DURFEE CREEK SPRINGS,,70,,
USA,MT,47.6070,-114.663,CAMAS HOT SPRINGS,,113,,
USA,MT,47.4510,-114.648,GREEN SPRINGS,,79,,
USA,MT,47.3300,-114.789,QUINNS HOT SPRINGS,,109,,
USA,MT,46.4480,-111.982,ALHAMBRA HOT SPRINGS,,138,,
USA,MT,46.3550,-111.565,BEDFORD HOT SPRINGS,,74,,
USA,MT,46.5470,-110.903,WHITE SULPHUR SPRINGS,,136,,
USA,NC,35.8970,-82.8260,HOT SPRINGS,,108,,
USA,NM,35.0600,-107.133,ALAMOS SPRING,,72,,
USA,NM,35.5920,-106.753,INDIAN SPRINGS,,123,,
USA,NM,35.7720,-106.690,JEMEZ SPRINGS,,169,,
USA,NM,35.8200,-106.627,MCCAULEY HOT SPRINGS,,99,,
USA,NM,35.6010,-106.860,PHILLIPS SPRINGS,,70,,
USA,NM,35.9380,-106.646,SAN ANTONIO HOT SPRING,,129,,
USA,NM,35.9720,-106.560,SAN ANTONIO WARM SPRING,,101,,
USA,NM,35.5400,-106.854,SAN YSIDRO HOT SPRINGS,,85,,
USA,NM,35.5480,-106.827,SAN YSIDRO WARM SPRINGS,,68,,
USA,NM,35.7930,-106.685,SODA DAM HOT SPRINGS,,117,,
USA,NM,35.8490,-106.629,SPENCE HOT SPRINGS,,100,,
USA,NM,35.9080,-106.615,SULPHUR SPRINGS,,189,,
USA,NM,35.6460,-106.888,WARM SPRINGS,,129,,
USA,NM,35.3080,-106.471,null,,68,,
USA,NM,36.3050,-106.053,OJO CALIENTE (ARSENIC SPRING),,111,,
USA,NM,36.3680,-106.059,STATUE Spring,,83,,
USA,NM,32.4550,-104.489,INDIAN BIG SPRING,,79,,
USA,NM,32.2480,-104.411,MOSLEY SPRING,,68,,
USA,NM,33.8310,-108.800,(UPPER) FRISCO HOT SPRING,,98,,
USA,NM,33.8980,-108.501,ARAGON SPRINGS,,70,,
USA,NM,33.7080,-109.025,FRIEBORN CANYON SPRING,,92,,
USA,NM,33.1990,-108.209,GILA HOT SPRINGS,,151,,
USA,NM,33.2370,-108.880,HOT SPRINGS,,H,,
USA,NM,33.1920,-108.180,LYONS HUNTING LODGE HOT SPRINGS,,126,,
USA,NM,33.2440,-108.880,SAN FRANCISCO HOT SPRINGS,,120,,
USA,NM,33.2330,-108.235,(HOT) SPRING,,149,,
USA,NM,33.1620,-108.209,(HOT) SPRING,,111,,
USA,NM,33.2740,-108.250,MFG FOUR SPRING,,93,,
USA,NM,33.2850,-108.262,MFG ONE SPRING,,88,,
USA,NM,33.2930,-108.282,"MFG TWO, SPRING MFG THREE SPRING",,99,,
USA,NM,33.3060,-108.324,THE MEADOWS WARM SPRING,,91,,
USA,NM,33.1080,-108.483,TURKEY CREEK HOT SPRING,,165,,
USA,NM,33.2580,-108.233,null,,94,,
USA,NM,33.2120,-108.228,null,,149,,
USA,NM,32.7950,-107.276,DERRY WARM SPRINGS,,92,,
USA,NM,32.5540,-107.994,FAYWOOD HOT SPRINGS,,129,,
USA,NM,32.7480,-107.836,MIMBRES HOT SPRINGS,,136,,
USA,NM,32.5010,-106.926,RADIUM SPRINGS,,127,,
USA,NM,32.6060,-107.190,SOUSE SPRINGS,,88,,
USA,NM,32.9530,-107.580,null,,94,,
USA,NM,32.6930,-107.811,null,,72,,
USA,NM,36.5080,-105.722,MANBY HOT SPRINGS,,100,,
USA,NM,36.3240,-105.606,PONCE DE LEON SPRINGS,,93,,
USA,NM,36.5280,-105.713,null,,106,,
USA,NM,34.9120,-108.951,RAINBOW SPRING,,71,,
USA,NM,34.1580,-108.319,null,,72,,
USA,NM,35.6530,-105.290,MONTEZUMA  HOT SPRINGS,,138,,
USA,NM,32.8840,-108.358,ALLEN SPRINGS,,78,,
USA,NM,32.6440,-108.128,APACHE TEJO WARM SPRING,,97,,
USA,NM,32.8210,-108.408,ASH SPRING,,72,,
USA,NM,32.8300,-109.047,GOAT CAMP SPRING,,69,,
USA,NM,32.5620,-108.027,KENNECOTT WARM SPRINGS,,W,,
USA,NM,32.8430,-108.512,MANGAS SPRINGS,,81,,
USA,NM,32.9750,-108.631,null,,77,,
USA,NM,32.8990,-109.035,null,,69,,
USA,NM,34.9950,-106.454,CLEAR WATER SPRING,,69,,
USA,NM,34.0490,-106.939,COOK SPRING,,70,,
USA,NM,34.9030,-107.085,EL OJO ESCONDIDO,,73,,
USA,NM,34.8330,-107.091,LAGUNA PUEBLO SEEPS,,82,,
USA,NM,34.8540,-107.088,LAGUNA PUEBLO SPRINGS,,80,,
USA,NM,34.1160,-106.980,OJITOS SPRINGS,,68,,
USA,NM,34.0320,-106.777,OJO DE LAS CANAS,,79,,
USA,NM,34.0380,-106.940,"SOCORRO SPRING, SEDILLO SPRING",,93,,
USA,NM,34.6980,-107.129,SPRING,,71,,
USA,NM,34.8080,-107.091,(SALT)SPRING,,86,,
USA,NM,34.7690,-107.085,(SALT)SPRING,,78,,
USA,NM,34.8470,-107.091,(SALT)SPRING,,76,,
USA,NM,34.3260,-107.095,null,,72,,
USA,NM,34.2640,-106.883,null,,70,,
USA,NM,34.9160,-107.143,null,,68,,
USA,NM,34.8830,-107.092,null,,73,,
USA,NM,34.8150,-107.388,null,,68,,
USA,NM,34.7910,-107.091,null,,80,,
USA,NM,33.5720,-107.593,OJO CALIENTE,,83,,
USA,NM,33.1350,-107.254,TRUTH OR CONSEQUENCES,,113,,
USA,NM,33.2790,-107.563,WARM SPRINGS,,87,,
USA,NM,33.8130,-106.971,null,,70,,
USA,NV,37.4630,-115.192,ASH SPRINGS,,97,,
USA,NV,37.7830,-114.528,BENNETT SPRINGS,,70,,
USA,NV,37.6210,-114.510,CALIENTE HOT SPRINGS,,118,,
USA,NV,37.5320,-115.233,CRYSTAL SPRINGS,,90,,
USA,NV,37.8600,-114.321,DELMUES SPRINGS,,70,,
USA,NV,37.8960,-114.227,FLATNOSE RANCH SPRING,,77,,
USA,NV,37.5980,-115.215,HIKO SPRING,,90,,
USA,NV,37.8070,-114.380,PANACA SPRING,,88,,
USA,NV,37.7410,-115.753,SAND SPRING,,86,,
USA,NV,36.4260,-116.411,ASH TREE SPRING,,75,,
USA,NV,36.9180,-116.744,BEATTY MUNICIPAL SPRING,,88,,
USA,NV,36.3750,-116.274,BIG (ASH MEADOWS) SPRING,,83,,
USA,NV,36.3630,-116.271,BOLE SPRING,,72,,
USA,NV,36.9680,-116.723,BURRELL HOT SPRING,,102,,
USA,NV,36.4280,-116.303,BUTTON SPRINGS,,93,,
USA,NV,36.4210,-116.322,CRYSTAL POOL,,91,,
USA,NV,36.4080,-116.313,DAVIS RANCH SPRING,,70,,
USA,NV,36.4020,-116.302,DAVIS RANCH SPRINGS,,81,,
USA,NV,36.4250,-116.291,DEVILS HOLE,,92,,
USA,NV,36.4910,-116.342,"FAIRBANKS SPRING, SODA SPRING",,81,,
USA,NV,36.9750,-116.721,HICKS HOT SPRINGS,,109,,
USA,NV,36.3900,-116.278,JACK RABBIT SPRING,,82,,
USA,NV,36.4680,-116.325,LONGSTREET SPRING,,82,,
USA,NV,36.4640,-116.319,PARENT SPRINGS,,93,,
USA,NV,36.4020,-116.274,"POINT OF ROCKS SPRINGS, KING SPRING",,91,,
USA,NV,36.4790,-116.326,ROGERS SPRING,,82,,
USA,NV,36.4330,-116.308,SCRUGGS SPRINGS,,86,,
USA,NV,36.3630,-116.263,SPRING,,72,,
USA,NV,36.4040,-116.383,SPRING,,90,,
USA,NV,36.4140,-116.292,SPRING,,79,,
USA,NV,36.4370,-116.206,SPRING,,82,,
USA,NV,36.4500,-116.313,SPRING,,81,,
USA,NV,36.9420,-116.729,SPRING,,88,,
USA,NV,36.9990,-116.706,SPRING,,72,,
USA,NV,40.0870,-114.647,COLLAR AND ELBOW SPRING,,93,,
USA,NV,40.8130,-115.778,ELKO HOT SPRING,,190,,
USA,NV,40.8190,-115.777,HOT HOLE,,133,,
USA,NV,40.9670,-114.515,JOHNSON RANCH SPRINGS,,72,,
USA,NV,40.9520,-114.751,RALPHS WARM SPRINGS,,86,,
USA,NV,40.2490,-115.409,SMITH RANCH SPRINGS,,149,,
USA,NV,40.5850,-115.285,SULPHUR HOT SPRINGS,,205,,
USA,NV,40.7820,-115.363,WARM SPRING,,W,,
USA,NV,40.7510,-115.035,WARM SPRINGS,,W,,
USA,NV,40.9730,-115.012,null,,W,,
USA,NV,39.0720,-115.635,BIG BLUE SPRING,,W,,
USA,NV,39.5470,-114.915,CAMPBELL RANCH SPRINGS,,76,,
USA,NV,39.8830,-114.893,CHERRY CREEK HOT SPRINGS,,144,,
USA,NV,39.8140,-115.612,GIOCOECHA WARM SPRINGS,,76,,
USA,NV,39.2830,-114.866,LACKAWANNA HOT SPRINGS,,95,,
USA,NV,39.7920,-114.692,LOWER SHELLBOURNE SPRING,,77,,
USA,NV,39.4130,-114.779,MCGILL SPRING,,84,,
USA,NV,39.6650,-114.807,MONTE NEVA HOT SPRINGS,,176,,
USA,NV,39.4580,-114.756,SCHOOLHOUSE SPRING,,84,,
USA,NV,39.9170,-114.667,SPRING,,83,,
USA,NV,39.9010,-115.868,THOMPSON RANCH SPRING,,68,,
USA,NV,39.8000,-114.653,UPPER SHELLBOURNE SPRING,,74,,
USA,NV,37.8250,-117.337,ALKALI HOT SPRING,,140,,
USA,NV,37.7510,-116.274,CEDAR SPRING,,77,,
USA,NV,37.9790,-117.993,GAP SPRING,,73,,
USA,NV,37.8220,-117.480,PEARL HOT SPRINGS,,97,,
USA,NV,37.9960,-116.389,REVEILLE MILL SPRING,,84,,
USA,NV,37.0160,-117.211,SEEP,,77,,
USA,NV,37.7610,-117.632,SILVERPEAK HOT SPRING,,118,,
USA,NV,37.0740,-116.691,SPRING,,72,,
USA,NV,37.0290,-116.719,SPRINGS,,75,,
USA,NV,37.9930,-117.984,null,,81,,
USA,NV,35.9440,-114.731,HOT SPRING,,78,,
USA,NV,35.9640,-114.743,HOT SPRING,,82,,
USA,NV,35.9820,-114.748,HOT SPRINGS,,86,,
USA,NV,36.9420,-115.425,ASH CREEK SPRING,,72,,
USA,NV,36.3890,-114.433,BLUE POINT SPRING,,82,,
USA,NV,36.0330,-115.888,BROWNS SPRING,,75,,
USA,NV,36.5650,-115.671,INDIAN SPRINGS,,78,,
USA,NV,36.2050,-115.141,KYLE SPRING,,75,,
USA,NV,36.1730,-115.191,LAS VEGAS SPRINGS,,79,,
USA,NV,36.1470,-115.893,MANSE RANCH SPRING,,75,,
USA,NV,36.7100,-114.714,MOAPA WARM SPRINGS,,90,,
USA,NV,36.7220,-114.716,MUDDY SPRING,,90,,
USA,NV,36.2070,-115.983,PAHRUMP (BENNETTS) SPRING,,77,,
USA,NV,36.3780,-114.443,ROGERS SPRING,,82,,
USA,NV,36.5670,-114.446,SEEP,,70,,
USA,NV,36.5650,-115.623,SPRING,,79,,
USA,NV,36.0020,-114.742,SPRING,,145,,
USA,NV,36.4860,-114.329,SPRINGS,,77,,
USA,NV,36.1740,-115.479,WHITE ROCK SPRING,,78,,
USA,NV,40.9720,-119.007,BLACK ROCK HOT SPRING,,136,,
USA,NV,40.2620,-119.379,BOILING SPRINGS,,187,,
USA,NV,40.7700,-119.113,BUTTE SPRINGS (TREGO HOT SPRINGS),,187,,
USA,NV,40.7630,-119.172,COYOTE SPRING,,72,,
USA,NV,40.1030,-119.884,FISH SPRINGS,,73,,
USA,NV,40.8570,-119.328,FLY RANCH (WARDS) HOT SPRINGS,,180,,
USA,NV,40.6620,-119.365,GREAT BOILING SPRING (GERLACH),,208,,
USA,NV,40.3890,-119.402,HOT SEEPS (SAN EMIDIO DESERT),,203,,
USA,NV,40.6530,-119.378,MUD SPRINGS,,184,,
USA,NV,40.8300,-119.538,SPRINGS,,84,,
USA,NV,40.1460,-119.673,THE NEEDLE ROCKS HOT SPRING,,208,,
USA,NV,40.1410,-119.687,THE NEEDLE ROCKS HOT SPRINGS,,208,,
USA,NV,40.9480,-119.002,null,,194,,
USA,NV,40.6740,-119.364,null,,194,,
USA,NV,38.3650,-115.867,ABEL SPRING,,115,,
USA,NV,38.9500,-115.700,BIG WARM SPRING,,93,,
USA,NV,38.5630,-115.528,BLUE EAGLE SPRINGS,,84,,
USA,NV,38.4400,-115.011,BUTTERFIELD SPRINGS,,75,,
USA,NV,38.4640,-115.792,CHIMNEY WARM SPRING,,160,,
USA,NV,38.3880,-115.866,COYOTE HOLE SPRING,,113,,
USA,NV,38.6220,-115.047,EMIGRANT SPRINGS,,70,,
USA,NV,38.4230,-115.022,FLAG SPRINGS,,75,,
USA,NV,38.6450,-114.632,GEYSER RANCH SPRINGS,,70,,
USA,NV,38.6540,-114.633,GEYSER RANCH SPRINGS,,70,,
USA,NV,38.6710,-114.628,GEYSER RANCH SPRINGS,,70,,
USA,NV,38.2920,-114.272,HAMMOND RANCH SPRING,,84,,
USA,NV,38.3830,-115.153,HOT CREEK RANCH SPRING,,90,,
USA,NV,38.5540,-115.531,KATE SPRING,,73,,
USA,NV,38.9370,-115.695,LITTLE WARM SPRING,,90,,
USA,NV,38.5560,-115.767,"LOCKES BIG SPRING, HAY CORRAL SPR",,100,,
USA,NV,38.3520,-115.181,MOON RIVER SPRING,,92,,
USA,NV,38.5940,-115.138,MOORMAN SPRING,,100,,
USA,NV,38.9270,-115.082,PRESTON SPRINGS,,70,,
USA,NV,38.3980,-115.862,STORM SPRING,,99,,
USA,NV,38.5740,-115.522,TOM SPRING,,72,,
USA,NV,38.6330,-114.638,WAMBOLT SPRINGS,,70,,
USA,NV,38.9520,-115.230,WILLIAMS HOT SPRING,,127,,
USA,NV,37.9970,-118.039,FISH SPRING,,75,,
USA,NV,37.9060,-118.171,SAND SPRING,,74,,
USA,NV,41.1480,-116.733,HOT LAKE,,H,,
USA,NV,41.1080,-117.578,HOT SPRINGS,,158,,
USA,NV,41.0500,-117.100,HOT SPRINGS RANCH SPRINGS,,79,,
USA,NV,41.4680,-116.150,HOT SULPHUR SPRINGS (TUSCARORA),,194,,
USA,NV,41.3850,-116.058,PETAINI SPRINGS,,W,,
USA,NV,41.4210,-117.388,THE HOT SPRINGS,,135,,
USA,NV,41.0290,-117.318,null,,70,,
USA,NV,39.5580,-116.360,BARTINE HOT SPRINGS,,108,,
USA,NV,39.0310,-116.666,DIANAS PUNCH BOWL,,138,,
USA,NV,39.9540,-117.917,FUMAROLES,,204,,
USA,NV,39.0410,-116.663,HOT SPRING,,124,,
USA,NV,39.9410,-116.681,HOT SPRINGS,,180,,
USA,NV,39.3160,-117.549,HOT SPRINGS,,198,,
USA,NV,39.3080,-117.552,HOT SPRINGS,,115,,
USA,NV,39.4040,-116.347,KLOBE (BARTHOLOMAE) HOT SPRING,,156,,
USA,NV,39.8930,-116.649,LITTLE HOT SPRINGS,,H,,
USA,NV,39.0280,-117.136,MCLEOD RANCH HOT SPRING,,180,,
USA,NV,39.5590,-117.427,PETERSONS MILL HOT SPRING,,H,,
USA,NV,39.0800,-116.639,POTTS RANCH HOT SPRINGS,,113,,
USA,NV,39.9950,-117.854,SENATOR FUMAROLES,,B,,
USA,NV,39.9430,-116.073,SHIPLEY HOT SPRING,,106,,
USA,NV,39.9880,-116.044,SIRI RANCH SPRING,,95,,
USA,NV,39.3280,-116.858,SPENCER HOT SPRINGS,,162,,
USA,NV,39.8320,-116.069,SULPHUR SPRING,,74,,
USA,NV,39.9040,-116.588,WALTI HOT SPRINGS,,162,,
USA,NV,39.5290,-116.388,WARM SPRING,,W,,
USA,NV,39.2420,-116.880,null,,H,,
USA,NV,39.5650,-118.856,(SODA LAKE AREA),,210,,
USA,NV,39.9440,-119.509,ANAHO ISLAND SPRING,,120,,
USA,NV,39.3420,-118.578,BORAX SPRING,,180,,
USA,NV,39.2860,-119.840,BOWERS MANSION HOT SPRING,,133,,
USA,NV,39.7870,-119.011,BRADYS HOT SPRINGS,,209,,
USA,NV,39.1930,-119.752,CARSON HOT SPRINGS,,120,,
USA,NV,39.4200,-119.738,DIMONTE SPRING,,127,,
USA,NV,39.8660,-118.017,DIXIE COMSTOCK MINE,,H,,
USA,NV,39.7970,-118.067,DIXIE HOT SPRINGS,,162,,
USA,NV,39.4420,-119.743,DOUBLE DIAMOND SPRING,,84,,
USA,NV,39.7330,-119.039,EAGLE SALT WORKS SPRING,,H,,
USA,NV,39.0590,-119.815,HOBO HOT SPRINGS,,114,,
USA,NV,39.4570,-119.722,HUFFAKER SPRINGS,,81,,
USA,NV,39.5120,-119.907,LAWTON HOT SPRINGS,,120,,
USA,NV,39.2080,-118.723,"LEE HOT SPRINGS, ALLEN SPRINGS",,190,,
USA,NV,39.4840,-119.804,MOANA SPRINGS,,199,,
USA,NV,39.1590,-119.737,NEVADA STATE PRISON SPRING,,75,,
USA,NV,39.5970,-119.110,PATUA HOT SPRINGS (FERNLEY),,187,,
USA,NV,39.9800,-119.502,PYRAMID ISLAND HOT SPRING,,null,,
USA,NV,39.2810,-118.420,SAND SPRINGS,,H,,
USA,NV,39.0580,-119.742,SARATOGA HOT SPRING,,122,,
USA,NV,39.5260,-118.876,SODA LAKE,,86,,
USA,NV,39.8530,-119.719,SPRING,,73,,
USA,NV,39.0680,-119.786,SPRINGS,,90,,
USA,NV,39.3880,-119.743,STEAMBOAT SPRINGS,,205,,
USA,NV,39.3800,-119.740,STEAMBOAT SPRINGS,,205,,
USA,NV,39.1610,-119.183,WABUSKA HOT SPRINGS,,201,,
USA,NV,39.4210,-119.758,ZOLEZZI SPRING,,102,,
USA,NV,38.9540,-117.049,BIG BLUE (A) SPRING,,90,,
USA,NV,38.9920,-117.042,CHARNOCK (BIG BLUE) SPRINGS,,80,,
USA,NV,38.8220,-117.183,DARROUGHS HOT SPRINGS,,203,,
USA,NV,38.8100,-116.397,FISH SPRINGS,,W,,
USA,NV,38.5210,-116.365,HOT CREEK RANCH HOT SPRING,,180,,
USA,NV,38.4370,-116.277,HOT CREEK VALLEY SPRING,,142,,
USA,NV,38.4580,-117.303,INDIAN SPRINGS,,W,,
USA,NV,38.5310,-116.405,OLD DUGAN RANCH HOT SPRINGS,,102,,
USA,NV,38.2550,-116.829,SAULSBURY WARM SPRING,,86,,
USA,NV,38.8230,-116.717,SOUTH MOSQUITO CREEK RANCH SPRINGS,,95,,
USA,NV,38.0270,-116.683,SPRING,,86,,
USA,NV,38.5320,-116.465,UPPER WARM SPRING,,95,,
USA,NV,38.6980,-116.435,"UPPER WARM SPRING, WARM SPRING",,106,,
USA,NV,38.3390,-116.662,WARM SPRING,,W,,
USA,NV,38.1880,-116.373,WARM SPRINGS,,145,,
USA,NV,38.8600,-116.738,null,,H,,
USA,NV,41.9210,-118.709,BALTAZOR HOT SPRING,,181,,
USA,NV,41.9250,-118.805,BOG HOT SPRINGS,,131,,
USA,NV,41.0220,-119.275,CAINE SPRING,,73,,
USA,NV,41.2580,-118.937,CANE SPRINGS,,74,,
USA,NV,41.0510,-119.028,DOUBLE HOT SPRINGS,,178,,
USA,NV,41.5670,-118.564,DYKE HOT SPRINGS,,158,,
USA,NV,41.7630,-118.279,FIVEMILE SPRING,,81,,
USA,NV,41.7210,-118.505,HOWARD HOT SPRING,,135,,
USA,NV,41.0520,-118.717,MACFARLANE HOT SPRING,,170,,
USA,NV,41.3540,-119.116,MUSTANG SPRINGS,,73,,
USA,NV,41.7060,-118.261,NINEMILE SPRINGS,,79,,
USA,NV,41.8090,-118.861,PAINTED HILLS MINE,,131,,
USA,NV,41.3630,-118.788,PINTO HOT SPRINGS,,199,,
USA,NV,41.7320,-119.785,SEEPS (HILLS WARM SPRING),,83,,
USA,NV,41.3980,-119.165,SPRING,,84,,
USA,NV,41.5300,-118.570,SPRING,,104,,
USA,NV,41.3650,-119.221,SPRING (HOT),,122,,
USA,NV,41.3530,-119.216,SPRING (HOT),,127,,
USA,NV,41.3220,-119.206,SPRINGS,,75,,
USA,NV,41.3380,-119.168,SPRINGS,,79,,
USA,NV,41.3390,-119.192,SPRINGS (HOT),,127,,
USA,NV,41.3570,-119.188,SPRINGS (HOT),,133,,
USA,NV,41.3780,-119.182,SPRINGS (HOT),,136,,
USA,NV,41.5910,-119.862,TWIN (VYA) SPRING,,71,,
USA,NV,41.7460,-119.791,WARM SPRINGS,,73,,
USA,NV,41.7530,-118.841,WARM SPRINGS,,112,,
USA,NV,41.9340,-118.808,WARM SPRINGS,,W,,
USA,NV,41.3570,-118.809,WEST PINTO HOT SPRING,,198,,
USA,NV,41.7220,-118.523,null,,163,,
USA,NV,41.4960,-118.429,null,,70,,
USA,NV,41.3970,-119.197,null,,114,,
USA,NV,41.3830,-119.187,null,,130,,
USA,NV,41.3340,-119.223,null,,72,,
USA,NV,41.3320,-119.197,null,,102,,
USA,NV,41.1750,-119.957,null,,H,,
USA,NV,41.1470,-119.022,null,,153,,
USA,NV,41.1370,-119.135,null,,80,,
USA,NV,41.1120,-119.002,null,,151,,
USA,NV,41.0290,-119.017,null,,114,,
USA,NV,41.0220,-119.015,null,,161,,
USA,NV,41.0130,-119.010,null,,172,,
USA,NV,41.0030,-119.008,null,,204,,
USA,NV,38.9650,-118.689,DOUBLE SPRING,,W,,
USA,NV,38.7960,-119.650,DOUD SPRINGS,,70,,
USA,NV,38.8590,-119.175,HOT SPRING,,H,,
USA,NV,38.8990,-119.410,NEVADA (HINDS) HOT SPRINGS,,144,,
USA,NV,38.3430,-118.103,SODA SPRINGS,,100,,
USA,NV,38.9500,-119.388,SPRING,,W,,
USA,NV,38.9810,-119.833,WALLEYS HOT SPRINGS,,160,,
USA,NV,38.9220,-118.198,WEDELL HOT SPRINGS,,144,,
USA,NV,38.7680,-119.174,WILSON HOT SPRING,,183,,
USA,NV,38.4890,-118.968,null,,110,,
USA,NV,41.3690,-114.187,GAMBLE SPRING,,69,,
USA,NV,41.8840,-114.117,GAMBLES HOLE,,104,,
USA,NV,41.5760,-115.181,HOT CREEK SPRINGS,,151,,
USA,NV,41.1450,-114.994,HOT SPRING,,H,,
USA,NV,41.9800,-114.376,HOT SPRING,,86,,
USA,NV,41.1750,-115.278,HOT SPRING,,H,,
USA,NV,41.1900,-115.287,HOT SPRING,,97,,
USA,NV,41.2610,-115.305,HOT SPRINGS,,126,,
USA,NV,41.1830,-114.991,HOT SPRINGS,,142,,
USA,NV,41.7880,-114.735,MINERAL HOT SPRING,,140,,
USA,NV,41.9290,-114.071,NILE SPRING,,109,,
USA,NV,41.7750,-115.921,RIZZI RANCH HOT SPRING,,106,,
USA,NV,41.8770,-115.628,ROWLAND HOT SPRINGS,,104,,
USA,NV,41.8670,-114.692,SAN JACINTO RANCH SPRING,,148,,
USA,NV,41.0660,-114.990,SPRING,,W,,
USA,NV,41.3860,-114.165,SPRING (HOT),,111,,
USA,NV,41.1590,-114.986,"THREEMILE SPRING, SULPHUR HOT SPR",,122,,
USA,NV,41.2430,-114.947,TWELVEMILE SPRING,,102,,
USA,NV,41.0640,-115.389,WARM SPRINGS,,W,,
USA,NV,41.3550,-114.133,WARM SPRINGS,,W,,
USA,NV,41.9710,-114.574,WARM SPRINGS,,95,,
USA,NV,41.6470,-115.775,WILD HORSE HOT SPRINGS,,129,,
USA,NV,41.4120,-114.675,WINE CUP RANCH SPRINGS,,138,,
USA,NV,40.5670,-116.588,BEOWAWE HOT SPRINGS (THE GEYSERS),,208,,
USA,NV,40.8290,-117.306,BROOKS SPRING,,93,,
USA,NV,40.2200,-116.068,BRUFFEYS HOT SPRINGS,,149,,
USA,NV,40.4180,-117.415,BUFFALO SPRINGS,,162,,
USA,NV,40.3680,-117.327,BUFFALO VALLEY HOT SPRINGS,,174,,
USA,NV,40.2900,-116.049,CARLOTTI RANCH SPRINGS,,102,,
USA,NV,40.1870,-116.790,CHILLIS HOT SPRING,,102,,
USA,NV,40.4040,-116.517,CRESCENT VALLEY HOT SPRINGS,,138,,
USA,NV,40.4170,-116.507,CRESCENT VALLEY HOT SPRINGS,,138,,
USA,NV,40.6840,-116.153,ELLISON RANCH WARM SPRING,,W,,
USA,NV,40.0790,-116.035,FLYNN RANCH SPRINGS,,78,,
USA,NV,40.9610,-117.494,GOLCONDA HOT SPRING (NORTH),,165,,
USA,NV,40.9540,-117.488,GOLCONDA HOT SPRING (SOUTH),,151,,
USA,NV,40.1780,-117.496,HOME STATION RANCH HOT SPRING,,135,,
USA,NV,40.6030,-116.463,HORSESHOE RANCH SPRINGS,,136,,
USA,NV,40.9220,-117.108,HOT POT (BLOSSOM HOT SPRINGS),,136,,
USA,NV,40.3160,-116.433,HOT SPRING,,186,,
USA,NV,40.6730,-116.838,HOT SPRINGS,,122,,
USA,NV,40.3250,-116.058,HOT SPRINGS,,79,,
USA,NV,40.1910,-117.107,HOT SPRINGS,,127,,
USA,NV,40.1980,-117.103,HOT SPRINGS,,127,,
USA,NV,40.7610,-117.492,HOT SPRINGS,,185,,
USA,NV,40.6990,-116.133,HOT SPRINGS (CARLIN),,174,,
USA,NV,40.1830,-117.102,HOT SPRINGS RANCH,,129,,
USA,NV,40.7650,-116.040,HOT SULPHUR SPRINGS,,147,,
USA,NV,40.0030,-117.718,HYDER HOT SPRINGS,,176,,
USA,NV,40.9290,-116.895,IZZENHOOD RANCH SPRINGS,,88,,
USA,NV,40.4080,-117.883,KYLE HOT SPRINGS,,171,,
USA,NV,40.6040,-117.648,LEACH HOT SPRINGS,,207,,
USA,NV,40.0350,-117.604,LOWER RANCH HOT SPRINGS,,104,,
USA,NV,40.0800,-117.604,MCCOY SPRINGS,,120,,
USA,NV,40.3130,-117.070,MOUND SPRINGS,,109,,
USA,NV,40.5920,-116.157,RAINE RANCH SPRINGS,,W,,
USA,NV,40.8730,-117.937,ROSE CREEK SPRING,,83,,
USA,NV,40.0880,-117.725,SOU (SEVEN DEVILS) HOT SPRINGS,,185,,
USA,NV,40.0250,-117.646,SPRING,,83,,
USA,NV,40.9920,-117.763,SPRING,,93,,
USA,NV,40.1870,-116.805,SPRING,,72,,
USA,NV,40.1270,-116.884,SPRINGS,,72,,
USA,NV,40.8640,-117.349,SULPHUR SPRING,,H,,
USA,NV,40.7460,-116.689,WHITE HOUSE SPRING,,W,,
USA,NV,40.5780,-117.219,null,,162,,
USA,NY,42.4800,-73.3700,LEBANON SPRING,,72,,
USA,OR,42.5440,-118.533,ALVORD HOT SPRINGS,,174,,
USA,OR,42.5010,-119.693,ANTELOPE HOT SPRINGS,,104,,
USA,OR,42.3270,-118.602,BORAX LAKE (HOT LAKE),,97,,
USA,OR,42.2260,-119.881,CRUMP GEYSER (CRUMP SPRING),,172,,
USA,OR,42.2970,-119.776,FISHER HOT SPRINGS,,154,,
USA,OR,42.8890,-118.898,FIVEMILE SPRING (HOGHOUSE HOT SPRS),,80,,
USA,OR,42.1880,-118.383,FLAGSTAFF BUTTE HOT SPRING,,126,,
USA,OR,42.0750,-119.927,HALLINAN SPRING,,113,,
USA,OR,42.3380,-118.602,HOT SPRINGS,,207,,
USA,OR,42.6760,-118.344,MICKEY SPRINGS,,187,,
USA,OR,42.3070,-119.875,MOSS RANCH SPRING,,72,,
USA,OR,42.2870,-119.867,MOSS RANCH SPRINGS,,83,,
USA,OR,42.8150,-118.899,WARM SPRINGS,,89,,
USA,OR,42.2190,-119.877,WARNER VALLEY RANCH,,198,,
USA,OR,42.2530,-118.312,null,,100,,
USA,OR,42.2540,-118.703,null,,90,,
USA,OR,42.8370,-118.863,null,,83,,
USA,OR,44.0330,-117.449,BULLY CREEK SPRING,,99,,
USA,OR,44.2080,-117.455,JAMIESON HOT SPRINGS,,H,,
USA,OR,44.0230,-117.460,NEAL HOT SPRINGS,,189,,
USA,OR,44.5380,-117.417,NELSON SPRING,,80,,
USA,OR,44.9270,-117.939,RADIUM HOT SPRINGS,,135,,
USA,OR,44.7790,-117.811,SAM O SPRING,,80,,
USA,OR,44.8130,-117.765,SPRING (HOT),,W,,
USA,OR,44.7820,-121.975,BREITENBUSH HOT SPRINGS,,198,,
USA,OR,44.8620,-121.201,KAHNEETA HOT SPRINGS,,126,,
USA,OR,44.8670,-121.228,SPRINGS,,125,,
USA,OR,43.7390,-117.178,DEER BUTTE HOT SPRING,,115,,
USA,OR,43.3020,-117.383,HOT SPRING,,106,,
USA,OR,43.7950,-117.958,JONESBORO WARM SPRING,,112,,
USA,OR,43.7630,-117.156,MITCHELL BUTTE HOT SPRING,,144,,
USA,OR,43.7270,-117.203,SNIVELY HOT SPRING,,170,,
USA,OR,43.7030,-117.190,SOUTH BLACK WILLOW SPRING,,71,,
USA,OR,43.8930,-117.596,SPRINGS,,W,,
USA,OR,43.9820,-117.233,VALE HOT SPRINGS,,163,,
USA,OR,43.0730,-117.697,null,,H,,
USA,OR,43.2150,-117.502,null,,H,,
USA,OR,43.5890,-117.326,null,,H,,
USA,OR,43.8930,-117.501,null,,158,,
USA,OR,43.8600,-118.288,ALTNOW HOT SPRING,,W,,
USA,OR,43.4770,-119.075,BAKER SPRING,,70,,
USA,OR,43.2720,-119.293,BASQUE SPRING,,74,,
USA,OR,43.9440,-118.136,BEULAH HOT SPRINGS,,140,,
USA,OR,43.4410,-118.638,CRANE HOT SPRINGS,,172,,
USA,OR,43.2810,-119.311,DOUBLE O BARNYARD SPRING,,72,,
USA,OR,43.2760,-119.340,DOUBLE O SPRING,,74,,
USA,OR,43.2640,-119.015,DUNN SPRING,,70,,
USA,OR,43.5290,-119.081,GOODMAN SPRING,,72,,
USA,OR,43.2520,-119.258,HUGHET SPRING,,68,,
USA,OR,43.2650,-119.276,JOHNSON SPRING,,72,,
USA,OR,43.7580,-118.067,JUNTURA WARM SPRING 1,,77,,
USA,OR,43.7570,-118.092,JUNTURA WARM SPRING 2,,95,,
USA,OR,43.4690,-118.202,LUCE HOT SPRINGS,,145,,
USA,OR,43.5400,-119.081,MILLPOND HOT SPRING,,79,,
USA,OR,43.5010,-119.091,ROADLAND SPRING,,72,,
USA,OR,43.7930,-118.472,SITZ WARM SPRING,,W,,
USA,OR,43.3950,-118.308,SPRINGS (HOT),,106,,
USA,OR,43.7760,-118.047,WARM SPRING,,W,,
USA,OR,43.9500,-119.634,WARM SPRINGS,,84,,
USA,OR,43.6630,-118.739,null,,72,,
USA,OR,43.8580,-118.544,null,,165,,
USA,OR,43.6460,-118.251,null,,144,,
USA,OR,43.1850,-119.058,null,,154,,
USA,OR,43.2000,-119.128,null,,108,,
USA,OR,43.2100,-119.058,null,,92,,
USA,OR,43.2130,-119.137,null,,104,,
USA,OR,43.2380,-119.062,null,,70,,
USA,OR,43.3380,-119.428,null,,68,,
USA,OR,44.3540,-118.574,BLUE MOUNTAIN HOT SPRINGS,,136,,
USA,OR,44.0730,-119.427,BRISBOIS RANCH SPRINGS,,72,,
USA,OR,44.9750,-118.044,FISHER HOT SPRINGS,,99,,
USA,OR,44.2800,-118.956,JOAQUIN MILLER HOT SPRINGS,,104,,
USA,OR,44.3740,-118.738,LIMEKILN HOT SPRING,,70,,
USA,OR,44.4510,-119.105,MOUNT VERNON HOT SPRINGS,,121,,
USA,OR,44.8920,-119.141,RITTER HOT SPRINGS,,106,,
USA,OR,44.0020,-119.647,WEBERG HOT SPRING,,115,,
USA,OR,43.7190,-121.209,EAST LAKE HOT SPRINGS,,144,,
USA,OR,43.7320,-121.252,PAULINA SPRINGS,,70,,
USA,OR,45.8910,-116.873,COOK CREEK HOT SPRING,,97,,
USA,OR,45.2440,-117.958,HOT LAKE SPRINGS,,176,,
USA,OR,45.0130,-117.885,KROPP HOT SPRING,,109,,
USA,OR,45.0180,-117.625,MEDICAL HOT SPRINGS,,140,,
USA,OR,45.2060,-117.912,UNION STATION HOT SPRINGS,,H,,
USA,OR,45.2950,-117.806,WARM SPRING,,85,,
USA,OR,45.5010,-117.973,null,,W,,
USA,OR,42.9770,-117.061,CANTERS HOT SPRING,,120,,
USA,OR,42.7560,-117.550,SCOTT SPRING,,68,,
USA,OR,42.6880,-117.905,TUDORS SPRING,,68,,
USA,OR,42.5330,-117.182,null,,95,,
USA,OR,42.0790,-117.760,null,,126,,
USA,OR,42.1560,-120.345,BARRY RANCH HOT SPRINGS,,190,,
USA,OR,42.3800,-120.330,BEAN HOT SPRING,,69,,
USA,OR,42.9980,-120.725,BUCKHORN CREEK SPRINGS,,68,,
USA,OR,42.1610,-121.627,CRYSTAL SPRING,,78,,
USA,OR,42.4310,-121.963,EAGLE POINT SPRING,,95,,
USA,OR,42.1780,-121.801,HARDBOARD SPRING,,70,,
USA,OR,42.1760,-121.828,HOWARD HOLIDAY,,77,,
USA,OR,42.2210,-120.368,HUNTERS HOT SPRINGS,,205,,
USA,OR,42.1620,-120.344,LEITHEAD HOT SPRING,,162,,
USA,OR,42.9330,-120.642,LOST CABIN SPRING,,68,,
USA,OR,42.1740,-121.615,OLENE GAP HOT SPRINGS,,165,,
USA,OR,42.1160,-121.287,OREGON HOT SPRINGS (BIG HOT SPRING),,142,,
USA,OR,42.9300,-120.798,PARDON WARM SPRING,,76,,
USA,OR,42.7250,-120.646,SUMMER LAKE HOT SPRING,,109,,
USA,OR,42.0400,-120.924,WARM SPRING,,92,,
USA,OR,42.3250,-120.327,WHITE ROCK RANCH HOT SPRING,,71,,
USA,OR,42.1330,-121.219,WILKERSONS HOT SPRING,,76,,
USA,OR,42.8730,-122.167,ANNIE SPRING,,77,,
USA,OR,42.2210,-122.742,JACKSON HOT SPRINGS,,95,,
USA,OR,45.7410,-118.233,BINGHAM SPRINGS,,93,,
USA,OR,45.1290,-118.738,HIDAWAY SPRINGS,,100,,
USA,OR,45.1510,-118.659,LEHMAN SPRINGS,,142,,
USA,OR,45.0610,-118.455,WARM MINERAL SPRING,,83,,
USA,OR,45.6310,-119.703,WELL SPRING,,80,,
USA,OR,43.6890,-122.372,KITSON HOT SPRINGS,,109,,
USA,OR,43.7080,-122.288,MCCREDIE SPRINGS,,163,,
USA,OR,43.2940,-122.367,UMPQUA HOT SPRINGS,,117,,
USA,OR,43.8080,-122.309,WALL CREEK WARM SPRINGS,,106,,
USA,OR,44.9360,-122.173,BAGBY HOT SPRINGS,,136,,
USA,OR,44.1930,-122.049,BELKNAP SPRINGS,,160,,
USA,OR,44.2410,-122.058,BIGELOW HOT SPRINGS,,142,,
USA,OR,44.0830,-122.233,COUGAR RESERVOIR HOT SPRINGS,,111,,
USA,OR,44.1530,-122.098,FOLEY SPRINGS,,178,,
USA,OR,45.3720,-121.697,MOUNT HOOD FUMAROLES,,194,,
USA,OR,45.2950,-121.731,SWIM WARM SPRINGS,,79,,
USA,OR,45.0210,-122.009,AUSTIN HOT SPRINGS,,186,,
USA,SD,43.4520,-103.508,HOT BROOK SPRINGS,,75,,
USA,SD,43.4420,-103.481,HOT SPRINGS,,87,,
USA,TX,29.1820,-102.992,HOT SPRINGS,,106,,
USA,TX,29.1780,-102.953,RIO GRANDE VILLAGE SPRING,,97,,
USA,TX,29.8050,-102.376,null,,90,,
USA,TX,30.2100,-104.562,CAPOTE SPRINGS,,99,,
USA,TX,30.8230,-105.315,INDIAN HOT SPRINGS,,117,,
USA,TX,30.1330,-104.602,NIXON SPRING,,90,,
USA,TX,30.8610,-105.340,RED BULL SPRING,,99,,
USA,TX,30.0380,-104.598,RUIDOSA HOT SPRINGS,,113,,
USA,TX,29.7870,-104.462,SPRINGS (LAS CIENEGAS),,86,,
USA,UT,41.8330,-112.454,BLUE CREEK SPRING,,82,,
USA,UT,41.7220,-112.266,BOTHWELL WARM SPRINGS,,75,,
USA,UT,41.2390,-112.413,COMPTON SPRING,,72,,
USA,UT,41.9010,-112.999,COYOTE SPRING,,109,,
USA,UT,41.6590,-112.087,CRYSTAL (MADSENS) HOT SPRINGS,,129,,
USA,UT,41.8340,-112.054,CUTLER WARM SPRING,,73,,
USA,UT,41.8290,-113.654,HEAD SPRING,,70,,
USA,UT,41.1380,-112.175,HOOPER HOT SPRINGS,,140,,
USA,UT,41.5630,-113.954,KIMBER (ROSE) SPRING,,68,,
USA,UT,41.8220,-113.263,L.G. CARTER SPRINGS,,77,,
USA,UT,41.8180,-113.311,LARSON SPRINGS,,70,,
USA,UT,41.5820,-112.256,LITTLE MOUNTAIN HOT SPRING,,108,,
USA,UT,41.4490,-112.442,POULSEN SPRING (SALT),,72,,
USA,UT,41.8310,-113.391,PUGSLEY,,73,,
USA,UT,41.6870,-113.986,SPRING (HOT),,108,,
USA,UT,41.6430,-112.281,SPRINGS,,72,,
USA,UT,41.5780,-112.230,STINKING HOT SPRINGS,,118,,
USA,UT,41.8550,-112.158,UDY HOT SPRINGS,,124,,
USA,UT,41.3380,-112.031,UTAH HOT SPRINGS,,138,,
USA,UT,41.8080,-113.327,W.R. CARTER SPRINGS,,70,,
USA,UT,41.6140,-113.613,WARM SPRING,,68,,
USA,UT,41.7560,-113.603,WARM SPRING,,81,,
USA,UT,41.3360,-112.406,null,,77,,
USA,UT,37.1660,-113.383,BERRY SPRINGS,,75,,
USA,UT,37.1890,-113.272,DIXIE (LAVERKIN) HOT SPRINGS,,108,,
USA,UT,37.1380,-113.528,GREEN SPRING,,75,,
USA,UT,37.3930,-113.610,IRVINE SPRING,,70,,
USA,UT,37.9420,-112.438,LEFEVRE,,90,,
USA,UT,37.1740,-112.535,RED CANYON,,72,,
USA,UT,37.1780,-113.634,SNOW SPRING,,70,,
USA,UT,37.9370,-112.424,TEBBS,,68,,
USA,UT,37.3350,-113.687,VEYO HOT SPRING,,90,,
USA,UT,37.1580,-113.399,VIRGIN RIVER SPRING,,70,,
USA,UT,37.1370,-113.513,WARM SPRING,,75,,
USA,UT,37.0960,-113.447,WARNER VALLEY SPRING,,70,,
USA,UT,39.6130,-112.729,"BAKER (ABRAHAM, CRATER) HOT SPRINGS",,180,,
USA,UT,39.4240,-113.485,COYOTE SPRING,,82,,
USA,UT,39.8420,-113.392,FISH SPRINGS,,82,,
USA,UT,39.6160,-112.803,FUMAROLE BUTTE,,73,,
USA,UT,39.2490,-113.877,KNOLL SPRINGS,,68,,
USA,UT,39.8870,-113.413,NORTH SPRINGS,,82,,
USA,UT,39.3340,-113.518,SOUTH TULE SPRING,,77,,
USA,UT,39.8990,-112.045,SPRINGS,,72,,
USA,UT,39.3500,-113.515,TULE SPRING,,82,,
USA,UT,39.4030,-113.863,TWIN SPRINGS,,68,,
USA,UT,39.9060,-113.430,WILSON HEALTH SPRINGS,,142,,
USA,UT,39.3050,-113.491,null,,81,,
USA,UT,39.3880,-113.504,null,,77,,
USA,UT,39.4290,-113.881,null,,68,,
USA,UT,40.5020,-114.038,BLUE LAKE SPRING,,84,,
USA,UT,39.4640,-114.038,GANDY WARM SPRINGS,,81,,
USA,UT,37.7000,-110.421,WARM SPRING,,79,,
USA,UT,41.0380,-111.656,COMO SPRINGS,,81,,
USA,UT,41.9170,-111.958,GANCHEFF SPRING,,88,,
USA,UT,41.2360,-111.924,OGDEN HOT SPRING,,135,,
USA,UT,41.3280,-111.826,PATIO SPRINGS,,68,,
USA,UT,39.9550,-111.858,GOSHEN WARM SRINGS,,73,,
USA,UT,39.2460,-111.645,LIVINGSTON WARM SPRINGS,,73,,
USA,UT,39.7880,-111.881,RAY LUNT SPRING,,68,,
USA,UT,39.1830,-111.691,STERLING (PEACOCK) WARM SPRING,,72,,
USA,UT,38.1380,-112.863,BIG MAPLE SPRING,,70,,
USA,UT,38.7700,-112.871,COYOTE SPRING,,68,,
USA,UT,38.2170,-112.904,DOTSONS (RADIUM) WARM SPRING,,91,,
USA,UT,38.8500,-112.490,HATTON HOT SPRING,,100,,
USA,UT,38.6030,-112.111,JOHNSON WARM SPRING,,77,,
USA,UT,38.6130,-112.202,JOSEPH HOT SPRINGS,,147,,
USA,UT,38.8640,-112.506,MEADOW HOT SPRINGS,,106,,
USA,UT,38.6330,-112.107,MONROE (COOPER) HOT SPRINGS,,169,,
USA,UT,38.6390,-112.098,RED HILL HOT SPRING,,171,,
USA,UT,38.7740,-112.096,RICHFIELD WARM SPRINGS,,73,,
USA,UT,38.5030,-112.849,ROOSEVELT HOT SPRINGS,,133,,
USA,UT,38.7620,-112.870,SPRINGS,,68,,
USA,UT,38.5600,-112.578,SULPHURDALE,,72,,
USA,UT,38.1720,-113.204,THERMO HOT SPRINGS,,181,,
USA,UT,38.1860,-113.197,THERMO HOT SPRINGS,,185,,
USA,UT,38.1860,-112.912,US BLM,,91,,
USA,UT,38.1550,-112.901,WILLOW SPRING,,72,,
USA,UT,38.3400,-113.220,WOODHOUSE SPRING,,72,,
USA,UT,38.8690,-112.484,null,,72,,
USA,UT,38.9810,-111.829,SALT SPRING,,72,,
USA,UT,40.8150,-111.918,BECKS HOT SPRING,,133,,
USA,UT,40.1760,-111.801,BIRD ISLAND,,86,,
USA,UT,40.4580,-111.929,CAMP WILLIAMS,,70,,
USA,UT,40.0380,-111.529,CASTILLA SPRINGS,,104,,
USA,UT,40.3530,-111.895,CRATER HOT SPRING,,111,,
USA,UT,40.4880,-111.911,CRYSTAL HOT SPRINGS,,187,,
USA,UT,40.1180,-111.337,DIAMOND FORK WARM SPRINGS,,68,,
USA,UT,40.5450,-111.928,EAST JORDAN CANAL,,73,,
USA,UT,40.3320,-111.891,FAULT ZONE SPRING,,90,,
USA,UT,40.1460,-111.806,LINCOLN POINT WARM SPRINGS,,90,,
USA,UT,40.5170,-111.475,MIDWAY HOT SPRING,,115,,
USA,UT,40.5250,-111.468,MIDWAY HOT SPRINGS,,104,,
USA,UT,40.5260,-111.488,MIDWAY HOT SPRINGS,,100,,
USA,UT,40.3500,-111.905,SARATOGA HOT SPRINGS,,111,,
USA,UT,40.5360,-111.478,WARM DITCH SPRING,,115,,
USA,UT,40.4470,-110.828,WARM SPRINGS,,79,,
USA,UT,40.2340,-111.865,WARM SPRINGS,,77,,
USA,UT,40.2280,-111.867,WARM SPRINGS,,75,,
USA,UT,40.7880,-111.899,WASATCH HOT SPRINGS,,108,,
USA,UT,40.1670,-111.622,WOOD SPRINGS,,73,,
USA,UT,40.6970,-111.493,null,,70,,
USA,UT,40.7430,-112.642,BIG WARM SPRINGS,,72,,
USA,UT,40.1720,-112.426,DAVIS,,68,,
USA,UT,40.5380,-112.747,DESERET LIVESTOCK,,75,,
USA,UT,40.5580,-112.739,DESERET LIVESTOCK SOUTH SPRING,,72,,
USA,UT,40.5650,-112.738,DESERET LIVESTOCK SOUTH SPRINGS,,73,,
USA,UT,40.6470,-112.524,GRANTSVILLE WARM SPRINGS,,77,,
USA,UT,40.7880,-112.017,HOBO WARM SPRING,,84,,
USA,UT,40.6140,-112.709,HORSESHOE SPRINGS,,73,,
USA,UT,40.3970,-112.421,MORGANS WARM SPRING,,80,,
USA,UT,40.6530,-112.907,REDLUM SPRING,,70,,
USA,UT,40.3900,-112.424,RUSSELLS WARM SPRINGS,,72,,
USA,UT,40.7330,-112.621,UTAH FISH AND GAME DEPT,,75,,
USA,UT,40.7030,-112.579,null,,68,,
USA,UT,40.6250,-112.703,null,,72,,
USA,UT,40.4650,-109.221,SPLIT MOUNTAIN WARM SPRINGS,,86,,
USA,VA,37.1600,-80.8060,ALUM SPRINGS,,72,,
USA,VA,37.2900,-80.6190,NEW RIVER WHITE SULPHUR SPRINGS,,85,,
USA,VA,37.6450,-80.2380,SWEET CHALYBEATE SPRING,,75,,
USA,VA,38.2180,-79.6730,BOLAR SPRING,,73,,
USA,VA,38.2380,-79.6500,BRAGG SPRING,,75,,
USA,VA,38.0550,-79.7800,WARM SPRINGS,,95,,
USA,VA,37.8700,-79.9330,FALLING SPRING,,77,,
USA,VA,37.9630,-79.8610,HEALING SPRINGS,,86,,
USA,VA,37.9970,-79.8300,HOT SPRINGS,,106,,
USA,VA,37.8600,-79.9880,LAYTON SPRING,,72,,
USA,VA,37.8980,-79.4620,ROCKBRIDGE BATHS,,72,,
USA,WA,48.7630,-121.667,BAKER HOT SPRING,,108,,
USA,WA,48.7890,-121.804,DORR FUMAROLE FIELD,,194,,
USA,WA,48.1500,-121.062,GAMMA HOT SPRINGS,,140,,
USA,WA,48.1180,-121.192,KENNEDY HOT SPRING,,100,,
USA,WA,48.7700,-121.813,SHERMAN CRATER FUMAROLES,,266,,
USA,WA,48.2540,-121.170,SULPHUR CREEK HOT SPRINGS,,99,,
USA,WA,46.3780,-122.265,GREEN RIVER SODA SPRING,,86,,
USA,WA,46.1980,-122.197,MT ST HELENS FUMAROLES,,190,,
USA,WA,48.9740,-119.475,HOT LAKE,,122,,
USA,WA,48.9060,-119.455,POISON LAKE,,122,,
USA,WA,47.9770,-123.682,OLYMPIC HOT SPRINGS,,118,,
USA,WA,47.9690,-123.864,SOL DUC HOT SPRINGS,,122,,
USA,WA,45.7010,-121.728,COLLINS HOT SPRINGS,,122,,
USA,WA,45.8210,-121.133,KLICKITAT MINERAL SPRINGS,,81,,
USA,WA,45.6580,-121.962,MOFFETTS (BONNEVILLE) HOT SPRINGS,,97,,
USA,WA,45.7230,-121.927,ROCK CREEK HOT SPRINGS,,H,,
USA,WA,45.7280,-121.800,ST MARTINS HOT SPRINGS,,120,,
USA,WA,46.0240,-118.771,WARM SPRINGS CANYON WARM SPRING,,72,,
USA,WA,47.8920,-121.342,GARLAND MINERAL SPRINGS,,84,,
USA,WA,47.4840,-121.391,GOLDMEYER HOT SPRINGS,,127,,
USA,WA,47.2010,-121.536,LESTER HOT SPRINGS,,120,,
USA,WA,47.7070,-121.155,SCENIC HOT SPRINGS,,122,,
USA,WA,46.0410,-121.181,FISH HATCHERY WARM SPRING,,75,,
USA,WA,46.7520,-121.814,LONGMIRE MINERAL SPRINGS,,77,,
USA,WA,46.2020,-121.492,MOUNT ADAMS FUMAROLES,,150,,
USA,WA,46.8520,-121.758,MT RAINIER FUMAROLES,,162,,
USA,WA,46.7380,-121.562,OHANAPECOSH HOT SPRINGS,,122,,
USA,WA,46.3450,-121.600,ORR CREEK WARM SPRINGS,,72,,
USA,WA,46.5750,-121.706,PACKWOOD HOT SPRING,,100,,
USA,WA,46.4520,-120.956,SIMCOE SODA SPRINGS,,90,,
USA,WV,39.4710,-77.8770,SWAN POND SPRING,,72,,
USA,WV,37.6300,-80.2400,OLD SWEET SPRING,,73,,
USA,WV,38.1630,-79.9750,MINNEHAHA SPRINGS,,70,,
USA,WV,38.6050,-79.3530,THORN SPRING,,72,,
USA,WV,39.6180,-78.2300,BERKELEY SPRINGS,,72,,
USA,WY,44.7970,-110.725,AMPHITHEATER SPRINGS,,196,,
USA,WY,44.8420,-110.732,APOLLINARIS SPRING,,H,,
USA,WY,44.6930,-110.738,ARTISTS PAINTPOTS,,199,,
USA,WY,44.5530,-110.301,BEACH SPRINGS,,H,,
USA,WY,44.6790,-110.746,BERYL SPRING,,198,,
USA,WY,44.7610,-110.730,BIJAH SPRING,,198,,
USA,WY,44.5440,-110.788,"BLACK WARRIOR GROUP, SHELF SPRING",,205,,
USA,WY,44.2440,-111.022,BOUNDARY CREEK HOT SPRINGS,,181,,
USA,WY,44.5210,-110.275,BUTTE SPRINGS,,187,,
USA,WY,44.9080,-110.393,CALCITE SPRINGS,,201,,
USA,WY,44.7110,-110.741,CHOCOLATE POTS,,124,,
USA,WY,44.7330,-110.703,CISTERN SPRING,,199,,
USA,WY,44.7560,-110.308,COFFEE POT HOT SPRINGS,,196,,
USA,WY,44.5880,-110.341,EBRO SPRINGS,,136,,
USA,WY,44.7220,-110.701,ECHINUS GEYSER,,185,,
USA,WY,44.5260,-110.835,EXCELSIOR GEYSER CRATER,,199,,
USA,WY,44.5430,-110.859,FAIRY SPRINGS,,201,,
USA,WY,44.5320,-110.796,FIVE SISTERS SPRINGS,,192,,
USA,WY,44.5660,-110.871,"FLAT CONE SPRING, STEEP CONE",,205,,
USA,WY,44.5200,-110.828,FLOOD GROUP,,203,,
USA,WY,44.7080,-110.461,FOREST SPRINGS,,H,,
USA,WY,44.5540,-110.812,FOUNTAIN GROUP,,201,,
USA,WY,44.5500,-110.805,FOUNTAIN PAINT POT,,136,,
USA,WY,44.7410,-110.699,GAS VENT,,H,,
USA,WY,44.7500,-110.714,GAS VENT,,H,,
USA,WY,44.6120,-110.618,GAS VENT,,H,,
USA,WY,44.6010,-110.632,GAS VENT EAST OF MARY LAKE,,H,,
USA,WY,44.7150,-110.555,GAS VENTS,,H,,
USA,WY,44.8250,-110.675,GAS VENTS AT HORSESHOE HILL,,H,,
USA,WY,44.5950,-110.622,GAS VENTS SOUTHEAST OF MARY LAKE,,H,,
USA,WY,44.6910,-110.728,GEYSER SPRINGS GROUP,,201,,
USA,WY,44.6970,-110.724,GIBBON HILL GEYSER,,199,,
USA,WY,44.6160,-110.616,HIGHLAND HOT SPRINGS,,H,,
USA,WY,44.7330,-110.712,HORSESHOE SPRING,,187,,
USA,WY,44.9850,-110.689,HOT RIVER,,136,,
USA,WY,44.7520,-110.256,HOT SPRING,,H,,
USA,WY,44.6420,-110.238,HOT SPRING,,H,,
USA,WY,44.7430,-110.242,HOT SPRING BASIN GROUP,,198,,
USA,WY,44.7390,-110.258,HOT SPRING BASIN GROUP,,153,,
USA,WY,44.7230,-110.358,HOT SPRING ON MOSS CREEK,,115,,
USA,WY,44.6100,-110.438,HOT SPRINGS,,H,,
USA,WY,44.5720,-110.691,HOT SPRINGS,,H,,
USA,WY,44.7660,-110.300,HOT SPRINGS,,H,,
USA,WY,44.7340,-110.029,HOT SPRINGS,,W,,
USA,WY,44.7110,-110.468,HOT SPRINGS,,H,,
USA,WY,44.7010,-110.036,HOT SPRINGS,,W,,
USA,WY,44.6720,-110.236,HOT SPRINGS,,H,,
USA,WY,44.6670,-110.282,HOT SPRINGS,,H,,
USA,WY,44.7520,-110.418,HOT SPRINGS AT SEVENMILE HOLE,,189,,
USA,WY,44.5910,-110.321,HOT SPRINGS AT SULPHUR HILLS,,196,,
USA,WY,44.6070,-110.617,HOT SPRINGS EAST OF MARY LAKE,,H,,
USA,WY,44.5980,-110.236,HOT SPRINGS IN PELICAN VALLEY,,156,,
USA,WY,44.6900,-110.384,HOT SPRINGS ON BOG CREEK,,199,,
USA,WY,44.6970,-110.375,HOT SPRINGS ON BOG CREEK,,185,,
USA,WY,44.6810,-110.326,HOT SPRINGS ON UPPER SOUR CREEK,,194,,
USA,WY,44.5180,-110.813,"HOT SPRINGS, RABBIT CREEK GROUP",,198,,
USA,WY,44.8410,-110.167,"HOT, ON LAMAR RIVER",,W,,
USA,WY,44.5320,-110.874,"IMPERIAL GEYSER, SPRAY GEYSER",,192,,
USA,WY,44.6620,-110.768,IRON SPRING,,86,,
USA,WY,44.7390,-110.324,JOSEPHS COAT SPRINGS,,199,,
USA,WY,44.9670,-110.708,MAMMOTH HOT SPRINGS,,163,,
USA,WY,44.6840,-110.753,MONUMENT GEYSER BASIN,,197,,
USA,WY,44.5710,-110.811,MORNING MIST SPRINGS,,205,,
USA,WY,44.6170,-110.432,MUD GEYSERS,,H,,
USA,WY,44.6250,-110.433,MUD VOLCANO,,131,,
USA,WY,44.6710,-110.290,PONUNTPA SPRINGS GROUP,,180,,
USA,WY,44.5680,-110.805,QUAGMIRE GROUP,,203,,
USA,WY,44.5640,-110.869,QUEENS LAUNDRY,,192,,
USA,WY,44.5140,-110.828,RABBIT CREEK GROUP,,198,,
USA,WY,44.7690,-110.269,RAINBOW SPRINGS,,190,,
USA,WY,44.5560,-110.832,RIVER GROUP,,196,,
USA,WY,44.5630,-110.834,RIVER GROUP,,205,,
USA,WY,44.7530,-110.724,"ROADSIDE SPRINGS, FRYING PAN SPRING",,158,,
USA,WY,44.6710,-110.786,SECRET VALLEY HOT SPRINGS,,95,,
USA,WY,44.7860,-110.740,SEMI-CENTENNIAL GEYSER,,198,,
USA,WY,44.7540,-110.403,SEVENMILE HOLE,,154,,
USA,WY,44.5510,-110.850,SPRINGS ON FAIRY CREEK,,H,,
USA,WY,44.7810,-110.738,STEAM VENTS AT ROARING MOUNTAIN,,H,,
USA,WY,44.5300,-110.297,STEAMBOAT SPRINGS,,198,,
USA,WY,44.6280,-110.433,SULPHUR CALDRON,,190,,
USA,WY,44.6530,-110.482,SULPHUR SPRINGS,,194,,
USA,WY,44.7020,-110.767,SYLVAN SPRINGS,,192,,
USA,WY,44.6340,-110.234,THE MUDKETTLES,,H,,
USA,WY,44.6340,-110.226,THE MUSHPOTS,,H,,
USA,WY,44.5440,-110.258,TURBID SPRINGS,,198,,
USA,WY,44.5820,-110.314,VERMILION SPRINGS,,140,,
USA,WY,44.6560,-110.572,VIOLET SPRINGS,,H,,
USA,WY,44.7080,-110.471,WARM SPRING,,W,,
USA,WY,44.7660,-110.429,WASHBURN HOT SPRINGS,,196,,
USA,WY,44.5290,-110.791,WHITE CREEK GROUP,,185,,
USA,WY,44.5370,-110.801,"WHITE DOME GEYSER, SURPRISE POOL",,203,,
USA,WY,44.7810,-110.699,WHITEROCK SPRINGS,,144,,
USA,WY,44.7420,-110.579,WOLF LAKE SPRINGS,,91,,
USA,WY,44.6000,-110.203,null,,95,,
USA,WY,44.5660,-110.816,null,,199,,
USA,WY,44.7280,-110.701,null,,192,,
USA,WY,44.7220,-110.708,null,,201,,
USA,WY,44.7200,-110.715,null,,144,,
USA,WY,44.7140,-110.475,null,,167,,
USA,WY,44.6900,-110.750,null,,187,,
USA,WY,42.5450,-106.725,ALCOVA HOT SPRINGS,,129,,
USA,WY,42.7020,-107.105,HORSE CREEK SPRINGS,,75,,
USA,WY,44.4980,-109.193,BUFFALO BILL RESERVOIR SPRINGS,,W,,
USA,WY,44.4950,-109.222,BUFFALO BILL RESERVOIR SPRINGS,,W,,
USA,WY,44.4820,-109.204,BUFFALO BILL RESERVOIR SPRINGS,,W,,
USA,WY,44.5130,-109.115,DE MARIS SPRINGS,,97,,
USA,WY,44.7490,-108.188,LITTLE SHEEP MOUNTAIN SPRING,,68,,
USA,WY,44.5110,-109.156,NEEDLE HOT SPRINGS,,75,,
USA,WY,44.6080,-108.138,SHEEP MOUNTAIN SPRINGS,,70,,
USA,WY,44.5130,-109.129,SHOSHONE HOT SPRINGS,,95,,
USA,WY,43.5430,-110.741,ABERCROMBIE WARM SPRINGS,,81,,
USA,WY,43.3000,-110.775,ASTORIA MINERAL HOT SPRINGS,,99,,
USA,WY,43.4710,-110.835,BOYLES HILL SPRINGS,,86,,
USA,WY,43.3650,-110.443,GRANITE FALLS HOT SPRINGS,,112,,
USA,WY,43.3700,-110.445,GRANITE HOT SPRING,,106,,
USA,WY,43.9580,-110.696,JACKSON LAKE HOT SPRINGS,,162,,
USA,WY,43.6390,-110.615,KELLY WARM SPRING,,81,,
USA,WY,43.2820,-110.019,KENDALL WARM SPRING,,86,,
USA,WY,43.9070,-110.198,NORTH BUFFALO FORK SPRINGS,,113,,
USA,WY,42.7500,-109.616,STEELE HOT SPRINGS,,102,,
USA,WY,42.4920,-108.172,SWEETWATER STATION WARM SPRINGS,,90,,
USA,WY,42.8280,-110.999,AUBURN HOT SPRINGS,,144,,
USA,WY,42.8170,-110.997,JOHNSON SPRINGS,,115,,
USA,WY,41.4500,-106.804,SARATOGA HOT SPRINGS,,129,,
USA,WY,43.5600,-109.732,GEYSER (WARM SPRING CREEK SPRINGS),,84,,
USA,WY,43.4890,-109.605,JAKEYS FORK SPRING,,68,,
USA,WY,43.5200,-109.669,LITTLE WARM SPRING,,77,,
USA,WY,43.6540,-108.194,THERMOPOLIS HOT SPRINGS,,133,,
USA,WY,43.0080,-108.835,WASHAKIE MINERAL HOT SPRINGS,,111,,
USA,WY,43.5830,-108.213,WIND RIVER CANYON SPRING,,72,,
USA,WY,42.6650,-105.394,DOUGLAS HOT SPRINGS,,86,,
USA,WY,42.2490,-104.781,WARM SPRINGS (IMMIGRANTS WASHTUB),,70,,